<?xml version="1.0"?>
<!--<!DOCTYPE metadata SYSTEM "http://www.esri.com/metadata/esriprof80.dtd">-->
<metadata xml:lang="en"><Esri><CreaDate>20150917</CreaDate><CreaTime>12512600</CreaTime><SyncOnce>FALSE</SyncOnce><DataProperties><lineage><Process ToolSource="C:\Program Files\ArcGIS\ArcToolbox\Toolboxes\Data Management Tools.tbx\RemoveSpatialIndex" Date="20090602" Time="182424">RemoveSpatialIndex "C:\Program Files\autobound9\Layerbackup\AB9Plan.gdb\PlanBoundary" "C:\Program Files\autobound9\Layerbackup\AB9Plan.gdb\PlanBoundary"</Process><Process ToolSource="C:\Program Files (x86)\ArcGIS\ArcToolbox\Toolboxes\Data Management Tools.tbx\AddSpatialIndex" Date="20101229" Time="171334">AddSpatialIndex "Plan Boundary" 0 0 0 "Plan Boundary"</Process><Process ToolSource="C:\Program Files (x86)\ArcGIS\ArcToolbox\Toolboxes\Data Management Tools.tbx\AddIndex" Date="20101229" Time="171427">AddIndex "Plan Boundary" District_Number # NON_UNIQUE NON_ASCENDING "Plan Boundary"</Process><Process ToolSource="C:\Program Files\ArcGIS\Desktop10.0\ArcToolbox\Toolboxes\Data Management Tools.tbx\CalculateField" Date="20120201" Time="120816">CalculateField DCCCD CL ""CL-0"&amp; [District_N]" VB #</Process><Process ToolSource="c:\program files\arcgis\desktop10.0\ArcToolbox\Toolboxes\Analysis Tools.tbx\Identity" Date="20120202" Time="144727">Identity DCCCD Subgroup_Identity2 "M:\Projects\DalCoElections\shapefiles\2011 Boundary Redraw\New Group Boundary\Subgroup_Identity3.shp" ALL # NO_RELATIONSHIPS</Process><Process ToolSource="c:\program files\arcgis\desktop10.0\ArcToolbox\Toolboxes\Analysis Tools.tbx\Identity" Date="20120202" Time="145208">Identity Subgroup_Identity3 Water_Districts "M:\Projects\DalCoElections\shapefiles\2011 Boundary Redraw\New Group Boundary\Subgroup_Identity6.shp" ALL # NO_RELATIONSHIPS</Process><Process ToolSource="C:\Program Files\ArcGIS\Desktop10.0\ArcToolbox\Toolboxes\Analysis Tools.tbx\Identity" Date="20120313" Time="145119">Identity "M:\Projects\DalCoElections\shapefiles\2011 Boundary Redraw\New Group Boundary\Subgroup_Identity6_GaryCopy.shp" M:\Projects\DalCoElections\Precinct12.shp M:\Projects\DalCoElections\PctSub12.shp ALL # NO_RELATIONSHIPS</Process><Process ToolSource="C:\Program Files\ArcGIS\Desktop10.0\ArcToolbox\Toolboxes\Data Management Tools.tbx\CalculateField" Date="20120313" Time="162729">CalculateField PctSub12 PCT12 [DISTRICT] VB #</Process><Process ToolSource="C:\Program Files\ArcGIS\Desktop10.0\ArcToolbox\Toolboxes\Data Management Tools.tbx\CalculateField" Date="20120313" Time="191641">CalculateField PctSub12 COMBO "[PCT12] &amp; "-" &amp; [SUB12]" VB #</Process><Process ToolSource="C:\Program Files\ArcGIS\Desktop10.0\ArcToolbox\Toolboxes\Data Management Tools.tbx\CalculateField" Date="20120313" Time="205948">CalculateField PctSub12 CONCAT "RTrim([COMBO]) &amp; [CITY] &amp; [CD] &amp; [CL] &amp; [COMM] &amp; RTrim([CT]) &amp; [CY] &amp; [ED] &amp; RTrim([JP]) &amp; RTrim([LD]) &amp; [PCT] &amp; [SB] &amp; RTrim([SC]) &amp; [SH] &amp; RTrim([SS]) &amp; [WD]" VB #</Process><Process ToolSource="C:\Program Files\ArcGIS\Desktop10.0\ArcToolbox\Toolboxes\Data Management Tools.tbx\CalculateField" Date="20120313" Time="221030">CalculateField PctSub12 CONCAT "RTrim([COMBO]) &amp; [CITY] &amp; [CD] &amp; [CL] &amp; [COMM] &amp; RTrim([CT]) &amp; [CY] &amp; [ED] &amp; RTrim([JP]) &amp; RTrim([LD]) &amp; [PCT] &amp; [SB] &amp; RTrim([SC]) &amp; [SH] &amp; RTrim([SS]) &amp; [WD]" VB #</Process><Process ToolSource="C:\Program Files\ArcGIS\Desktop10.0\ArcToolbox\Toolboxes\Data Management Tools.tbx\CalculateField" Date="20120313" Time="221113">CalculateField PctSub12 CONCAT "RTrim([COMBO]) &amp; [CITY] &amp; [CD] &amp; [CL] &amp; [COMM] &amp; RTrim([CT]) &amp; [CY] &amp; [ED] &amp; RTrim([JP]) &amp; RTrim([LD]) &amp; [PCT] &amp; [SB] &amp; RTrim([SC]) &amp; [SH] &amp; RTrim([SS]) &amp; [WD]" VB #</Process><Process ToolSource="C:\Program Files\ArcGIS\Desktop10.0\ArcToolbox\Toolboxes\Data Management Tools.tbx\CalculateField" Date="20120313" Time="221142">CalculateField PctSub12 CONCAT "RTrim([COMBO]) &amp; [CITY] &amp; [CD] &amp; [CL] &amp; [COMM] &amp; RTrim([CT]) &amp; [CY] &amp; [ED] &amp; RTrim([JP]) &amp; RTrim([LD]) &amp; [PCT] &amp; [SB] &amp; RTrim([SC]) &amp; [SH] &amp; RTrim([SS]) &amp; [WD]" VB #</Process><Process ToolSource="C:\Program Files\ArcGIS\Desktop10.0\ArcToolbox\Toolboxes\Data Management Tools.tbx\CalculateField" Date="20120313" Time="221250">CalculateField PctSub12 CONCAT "RTrim([COMBO]) &amp; [CITY] &amp; [CD] &amp; [CL] &amp; [COMM] &amp; RTrim([CT]) &amp; [CY] &amp; [ED] &amp; RTrim([JP]) &amp; RTrim([LD]) &amp; [PCT] &amp; [SB] &amp; RTrim([SC]) &amp; [SH] &amp; RTrim([SS]) &amp; [WD]" VB #</Process><Process ToolSource="C:\Program Files\ArcGIS\Desktop10.0\ArcToolbox\Toolboxes\Data Management Tools.tbx\CalculateField" Date="20120313" Time="221405">CalculateField PctSub12 CONCAT "RTrim([COMBO]) &amp; [CITY] &amp; [CD] &amp; [CL] &amp; [COMM] &amp; RTrim([CT]) &amp; [CY] &amp; [ED] &amp; RTrim([JP]) &amp; RTrim([LD]) &amp; [PCT] &amp; [SB] &amp; RTrim([SC]) &amp; [SH] &amp; RTrim([SS]) &amp; [WD]" VB #</Process><Process ToolSource="C:\Program Files\ArcGIS\Desktop10.0\ArcToolbox\Toolboxes\Data Management Tools.tbx\CalculateField" Date="20120313" Time="221520">CalculateField PctSub12 CONCAT "RTrim([COMBO]) &amp; [CITY] &amp; [CD] &amp; [CL] &amp; [COMM] &amp; RTrim([CT]) &amp; [CY] &amp; [ED] &amp; RTrim([JP]) &amp; RTrim([LD]) &amp; [PCT] &amp; [SB] &amp; RTrim([SC]) &amp; [SH] &amp; RTrim([SS]) &amp; [WD]" VB #</Process><Process ToolSource="C:\Program Files\ArcGIS\Desktop10.0\ArcToolbox\Toolboxes\Data Management Tools.tbx\CalculateField" Date="20120313" Time="221544">CalculateField PctSub12 CONCAT "RTrim([COMBO]) &amp; [CITY] &amp; [CD] &amp; [CL] &amp; [COMM] &amp; RTrim([CT]) &amp; [CY] &amp; [ED] &amp; RTrim([JP]) &amp; RTrim([LD]) &amp; [PCT] &amp; [SB] &amp; RTrim([SC]) &amp; [SH] &amp; RTrim([SS]) &amp; [WD]" VB #</Process><Process ToolSource="C:\Program Files\ArcGIS\Desktop10.0\ArcToolbox\Toolboxes\Data Management Tools.tbx\CalculateField" Date="20120313" Time="221623">CalculateField PctSub12 CONCAT "RTrim([COMBO]) &amp; [CITY] &amp; [CD] &amp; [CL] &amp; [COMM] &amp; RTrim([CT]) &amp; [CY] &amp; [ED] &amp; RTrim([JP]) &amp; RTrim([LD]) &amp; [PCT] &amp; [SB] &amp; RTrim([SC]) &amp; [SH] &amp; RTrim([SS]) &amp; [WD]" VB #</Process><Process ToolSource="C:\Program Files\ArcGIS\Desktop10.0\ArcToolbox\Toolboxes\Data Management Tools.tbx\CalculateField" Date="20120313" Time="221722">CalculateField PctSub12 CONCAT "RTrim([COMBO]) &amp; [CITY] &amp; [CD] &amp; [CL] &amp; [COMM] &amp; RTrim([CT]) &amp; [CY] &amp; [ED] &amp; RTrim([JP]) &amp; RTrim([LD]) &amp; [PCT] &amp; [SB] &amp; RTrim([SC]) &amp; [SH] &amp; RTrim([SS]) &amp; [WD]" VB #</Process><Process ToolSource="C:\Program Files\ArcGIS\Desktop10.0\ArcToolbox\Toolboxes\Data Management Tools.tbx\CalculateField" Date="20120313" Time="221750">CalculateField PctSub12 CONCAT "RTrim([COMBO]) &amp; [CITY] &amp; [CD] &amp; [CL] &amp; [COMM] &amp; RTrim([CT]) &amp; [CY] &amp; [ED] &amp; RTrim([JP]) &amp; RTrim([LD]) &amp; [PCT] &amp; [SB] &amp; RTrim([SC]) &amp; [SH] &amp; RTrim([SS]) &amp; [WD]" VB #</Process><Process ToolSource="C:\Program Files\ArcGIS\Desktop10.0\ArcToolbox\Toolboxes\Data Management Tools.tbx\CalculateField" Date="20120313" Time="221814">CalculateField PctSub12 CONCAT "RTrim([COMBO]) &amp; [CITY] &amp; [CD] &amp; [CL] &amp; [COMM] &amp; RTrim([CT]) &amp; [CY] &amp; [ED] &amp; RTrim([JP]) &amp; RTrim([LD]) &amp; [PCT] &amp; [SB] &amp; RTrim([SC]) &amp; [SH] &amp; RTrim([SS]) &amp; [WD]" VB #</Process><Process ToolSource="C:\Program Files\ArcGIS\Desktop10.0\ArcToolbox\Toolboxes\Data Management Tools.tbx\CalculateField" Date="20120313" Time="221853">CalculateField PctSub12 CONCAT "RTrim([COMBO]) &amp; [CITY] &amp; [CD] &amp; [CL] &amp; [COMM] &amp; RTrim([CT]) &amp; [CY] &amp; [ED] &amp; RTrim([JP]) &amp; RTrim([LD]) &amp; [PCT] &amp; [SB] &amp; RTrim([SC]) &amp; [SH] &amp; RTrim([SS]) &amp; [WD]" VB #</Process><Process ToolSource="C:\Program Files\ArcGIS\Desktop10.0\ArcToolbox\Toolboxes\Data Management Tools.tbx\CalculateField" Date="20120313" Time="221939">CalculateField PctSub12 CONCAT "RTrim([COMBO]) &amp; [CITY] &amp; [CD] &amp; [CL] &amp; [COMM] &amp; RTrim([CT]) &amp; [CY] &amp; [ED] &amp; RTrim([JP]) &amp; RTrim([LD]) &amp; [PCT] &amp; [SB] &amp; RTrim([SC]) &amp; [SH] &amp; RTrim([SS]) &amp; [WD]" VB #</Process><Process ToolSource="C:\Program Files\ArcGIS\Desktop10.0\ArcToolbox\Toolboxes\Data Management Tools.tbx\CalculateField" Date="20120313" Time="222016">CalculateField PctSub12 CONCAT "RTrim([COMBO]) &amp; [CITY] &amp; [CD] &amp; [CL] &amp; [COMM] &amp; RTrim([CT]) &amp; [CY] &amp; [ED] &amp; RTrim([JP]) &amp; RTrim([LD]) &amp; [PCT] &amp; [SB] &amp; RTrim([SC]) &amp; [SH] &amp; RTrim([SS]) &amp; [WD]" VB #</Process><Process ToolSource="C:\Program Files\ArcGIS\Desktop10.0\ArcToolbox\Toolboxes\Data Management Tools.tbx\CalculateField" Date="20120313" Time="222114">CalculateField PctSub12 CONCAT "RTrim([COMBO]) &amp; [CITY] &amp; [CD] &amp; [CL] &amp; [COMM] &amp; RTrim([CT]) &amp; [CY] &amp; [ED] &amp; RTrim([JP]) &amp; RTrim([LD]) &amp; [PCT] &amp; [SB] &amp; RTrim([SC]) &amp; [SH] &amp; RTrim([SS]) &amp; [WD]" VB #</Process><Process ToolSource="C:\Program Files\ArcGIS\Desktop10.0\ArcToolbox\Toolboxes\Data Management Tools.tbx\CalculateField" Date="20120313" Time="222248">CalculateField PctSub12 CONCAT "RTrim([COMBO]) &amp; [CITY] &amp; [CD] &amp; [CL] &amp; [COMM] &amp; RTrim([CT]) &amp; [CY] &amp; [ED] &amp; RTrim([JP]) &amp; RTrim([LD]) &amp; [PCT] &amp; [SB] &amp; RTrim([SC]) &amp; [SH] &amp; RTrim([SS]) &amp; [WD]" VB #</Process><Process ToolSource="C:\Program Files\ArcGIS\Desktop10.0\ArcToolbox\Toolboxes\Data Management Tools.tbx\CalculateField" Date="20120313" Time="222322">CalculateField PctSub12 CONCAT "RTrim([COMBO]) &amp; [CITY] &amp; [CD] &amp; [CL] &amp; [COMM] &amp; RTrim([CT]) &amp; [CY] &amp; [ED] &amp; RTrim([JP]) &amp; RTrim([LD]) &amp; [PCT] &amp; [SB] &amp; RTrim([SC]) &amp; [SH] &amp; RTrim([SS]) &amp; [WD]" VB #</Process><Process ToolSource="C:\Program Files\ArcGIS\Desktop10.0\ArcToolbox\Toolboxes\Data Management Tools.tbx\CalculateField" Date="20120313" Time="222439">CalculateField PctSub12 COMBO "[PCT12]&amp;"-"&amp; [SUB12]" VB #</Process><Process ToolSource="C:\Program Files\ArcGIS\Desktop10.0\ArcToolbox\Toolboxes\Data Management Tools.tbx\CalculateField" Date="20120313" Time="222452">CalculateField PctSub12 CONCAT "RTrim([COMBO]) &amp; [CITY] &amp; [CD] &amp; [CL] &amp; [COMM] &amp; RTrim([CT]) &amp; [CY] &amp; [ED] &amp; RTrim([JP]) &amp; RTrim([LD]) &amp; [PCT] &amp; [SB] &amp; RTrim([SC]) &amp; [SH] &amp; RTrim([SS]) &amp; [WD]" VB #</Process><Process ToolSource="C:\Program Files\ArcGIS\Desktop10.0\ArcToolbox\Toolboxes\Data Management Tools.tbx\CalculateField" Date="20120313" Time="222535">CalculateField PctSub12 COMBO "[PCT12] &amp; "-" &amp; [SUB12]" VB #</Process><Process ToolSource="C:\Program Files\ArcGIS\Desktop10.0\ArcToolbox\Toolboxes\Data Management Tools.tbx\CalculateField" Date="20120313" Time="222545">CalculateField PctSub12 CONCAT "RTrim([COMBO]) &amp; [CITY] &amp; [CD] &amp; [CL] &amp; [COMM] &amp; RTrim([CT]) &amp; [CY] &amp; [ED] &amp; RTrim([JP]) &amp; RTrim([LD]) &amp; [PCT] &amp; [SB] &amp; RTrim([SC]) &amp; [SH] &amp; RTrim([SS]) &amp; [WD]" VB #</Process><Process ToolSource="C:\Program Files\ArcGIS\Desktop10.0\ArcToolbox\Toolboxes\Data Management Tools.tbx\CalculateField" Date="20120313" Time="222607">CalculateField PctSub12 CONCAT "RTrim([COMBO]) &amp; [CITY] &amp; [CD] &amp; [CL] &amp; [COMM] &amp; RTrim([CT]) &amp; [CY] &amp; [ED] &amp; RTrim([JP]) &amp; RTrim([LD]) &amp; [PCT] &amp; [SB] &amp; RTrim([SC]) &amp; [SH] &amp; RTrim([SS]) &amp; [WD]" VB #</Process><Process ToolSource="C:\Program Files\ArcGIS\Desktop10.0\ArcToolbox\Toolboxes\Data Management Tools.tbx\CalculateField" Date="20120313" Time="222703">CalculateField PctSub12 COMBO "[PCT12] &amp; "-" &amp; [SUB12]" VB #</Process><Process ToolSource="C:\Program Files\ArcGIS\Desktop10.0\ArcToolbox\Toolboxes\Data Management Tools.tbx\CalculateField" Date="20120313" Time="222711">CalculateField PctSub12 CONCAT "RTrim([COMBO]) &amp; [CITY] &amp; [CD] &amp; [CL] &amp; [COMM] &amp; RTrim([CT]) &amp; [CY] &amp; [ED] &amp; RTrim([JP]) &amp; RTrim([LD]) &amp; [PCT] &amp; [SB] &amp; RTrim([SC]) &amp; [SH] &amp; RTrim([SS]) &amp; [WD]" VB #</Process><Process ToolSource="C:\Program Files\ArcGIS\Desktop10.0\ArcToolbox\Toolboxes\Data Management Tools.tbx\CalculateField" Date="20120321" Time="222234">CalculateField PctSub12 CONCAT "RTrim([COMBO]) &amp; [CITY] &amp; [CD] &amp; [CL] &amp; [COMM] &amp; RTrim([CT]) &amp; [CY] &amp; [ED] &amp; RTrim([JP]) &amp; RTrim([LD]) &amp; [PCT] &amp; [SB] &amp; RTrim([SC]) &amp; [SH] &amp; RTrim([SS]) &amp; [WD]" VB #</Process><Process ToolSource="C:\Program Files\ArcGIS\Desktop10.0\ArcToolbox\Toolboxes\Data Management Tools.tbx\CalculateField" Date="20120321" Time="232819">CalculateField PctSub12 CONCAT "RTrim([COMBO]) &amp; [CITY] &amp; [CD] &amp; [CL] &amp; [COMM] &amp; RTrim([CT]) &amp; [CY] &amp; [ED] &amp; RTrim([JP]) &amp; RTrim([LD]) &amp; [PCT] &amp; [SB] &amp; RTrim([SC]) &amp; [SH] &amp; RTrim([SS]) &amp; [WD]" VB #</Process><Process ToolSource="C:\Program Files\ArcGIS\Desktop10.0\ArcToolbox\Toolboxes\Data Management Tools.tbx\CalculateField" Date="20120331" Time="232019">CalculateField PctSub12_033112 CONCAT "RTrim([COMBO]) &amp; [CITY] &amp; [CD] &amp; [CL] &amp; [COMM] &amp; RTrim([CT]) &amp; [CY] &amp; [ED] &amp; RTrim([JP]) &amp; RTrim([LD]) &amp; [PCT] &amp; [SB] &amp; RTrim([SC]) &amp; [SH] &amp; RTrim([SS]) &amp; [WD]" VB #</Process><Process ToolSource="C:\Program Files\ArcGIS\Desktop10.0\ArcToolbox\Toolboxes\Data Management Tools.tbx\CalculateField" Date="20120426" Time="154204">CalculateField Subprecinct12 CITYNAME Right([CITY_NAME],len([CITY_NAME])-3) VB #</Process><Process ToolSource="C:\Program Files\ArcGIS\Desktop10.0\ArcToolbox\Toolboxes\Data Management Tools.tbx\CalculateField" Date="20120426" Time="154609">CalculateField Subprecinct12 CITYNAME "Mid( [CITY_NAME],4,1) + LCase(Right( [CITY_NAME],len( [CITY_NAME])-4))" VB #</Process><Process ToolSource="C:\Program Files\ArcGIS\Desktop10.0\ArcToolbox\Toolboxes\Data Management Tools.tbx\CalculateField" Date="20120426" Time="154754">CalculateField Subprecinct12 CITYNAME "Balch Springs" VB #</Process><Process ToolSource="C:\Program Files\ArcGIS\Desktop10.0\ArcToolbox\Toolboxes\Data Management Tools.tbx\CalculateField" Date="20120426" Time="154843">CalculateField Subprecinct12 CITYNAME "Cedar Hill" VB #</Process><Process ToolSource="C:\Program Files\ArcGIS\Desktop10.0\ArcToolbox\Toolboxes\Data Management Tools.tbx\CalculateField" Date="20120426" Time="154935">CalculateField Subprecinct12 CITYNAME "Cockrell Hill" VB #</Process><Process ToolSource="C:\Program Files\ArcGIS\Desktop10.0\ArcToolbox\Toolboxes\Data Management Tools.tbx\CalculateField" Date="20120426" Time="154958">CalculateField Subprecinct12 CITYNAME "Farmers Branch" VB #</Process><Process ToolSource="C:\Program Files\ArcGIS\Desktop10.0\ArcToolbox\Toolboxes\Data Management Tools.tbx\CalculateField" Date="20120426" Time="155031">CalculateField Subprecinct12 CITYNAME "Glenn Heights" VB #</Process><Process ToolSource="C:\Program Files\ArcGIS\Desktop10.0\ArcToolbox\Toolboxes\Data Management Tools.tbx\CalculateField" Date="20120426" Time="155057">CalculateField Subprecinct12 CITYNAME "Grand Prairie" VB #</Process><Process ToolSource="C:\Program Files\ArcGIS\Desktop10.0\ArcToolbox\Toolboxes\Data Management Tools.tbx\CalculateField" Date="20120426" Time="155118">CalculateField Subprecinct12 CITYNAME "Highland Park" VB #</Process><Process ToolSource="C:\Program Files\ArcGIS\Desktop10.0\ArcToolbox\Toolboxes\Data Management Tools.tbx\CalculateField" Date="20120426" Time="155144">CalculateField Subprecinct12 CITYNAME "University Park" VB #</Process><Process ToolSource="C:\Program Files\ArcGIS\Desktop10.0\ArcToolbox\Toolboxes\Data Management Tools.tbx\CalculateField" Date="20120426" Time="155633">CalculateField Subprecinct12 CITYNAME "DeSoto" VB #</Process><Process ToolSource="C:\Program Files\ArcGIS\Desktop10.0\ArcToolbox\Toolboxes\Analysis Tools.tbx\Identity" Date="20130108" Time="121537">Identity Subprecinct12 IrvingISD_IllustPlan1_5_2_Adopted_Feb212012 M:\Projects\DalCoElections\Subprecinct12_IrvingISD.shp ALL # NO_RELATIONSHIPS</Process><Process ToolSource="C:\Program Files\ArcGIS\Desktop10.0\ArcToolbox\Toolboxes\Data Management Tools.tbx\CalculateField" Date="20130108" Time="165230">CalculateField Subprecinct12_IrvingISD SH ""SHIR0" + [District_N]" VB #</Process><Process ToolSource="C:\Program Files\ArcGIS\Desktop10.0\ArcToolbox\Toolboxes\Data Management Tools.tbx\CalculateField" Date="20130108" Time="165340">CalculateField Subprecinct12_IrvingISD SC ""IR0" + [District_N]" VB #</Process><Process ToolSource="C:\Program Files\ArcGIS\Desktop10.0\ArcToolbox\Toolboxes\Data Management Tools.tbx\CalculateField" Date="20130108" Time="183844">CalculateField Subprecinct12_IrvingISD CONCAT "RTrim([COMBO]) &amp; [CITY] &amp; [CD] &amp; [CL] &amp; [COMM] &amp; RTrim([CT]) &amp; [CY] &amp; [ED] &amp; RTrim([JP]) &amp; RTrim([LD]) &amp; [PCT] &amp; [SB] &amp; RTrim([SC]) &amp; [SH] &amp; RTrim([SS]) &amp; [WD]" VB #</Process><Process ToolSource="C:\Program Files\ArcGIS\Desktop10.0\ArcToolbox\Toolboxes\Data Management Tools.tbx\CalculateField" Date="20130117" Time="162605">CalculateField Subprecinct12_IrvingISD CONCAT "RTrim([COMBO]) &amp; [CITY] &amp; [CD] &amp; [CL] &amp; [COMM] &amp; RTrim([CT]) &amp; [CY] &amp; [ED] &amp; RTrim([JP]) &amp; RTrim([LD]) &amp; [PCT] &amp; [SB] &amp; RTrim([SC]) &amp; [SH] &amp; RTrim([SS]) &amp; [WD]" VB #</Process><Process ToolSource="C:\Program Files\ArcGIS\Desktop10.0\ArcToolbox\Toolboxes\Data Management Tools.tbx\CalculateField" Date="20130117" Time="163012">CalculateField Subprecinct12_IrvingISD CONCAT "RTrim([COMBO]) &amp; [CITY] &amp; [CD] &amp; [CL] &amp; [COMM] &amp; RTrim([CT]) &amp; [CY] &amp; [ED] &amp; RTrim([JP]) &amp; RTrim([LD]) &amp; [PCT] &amp; [SB] &amp; RTrim([SC]) &amp; [SH] &amp; RTrim([SS]) &amp; [WD]" VB #</Process><Process ToolSource="C:\Program Files\ArcGIS\Desktop10.0\ArcToolbox\Toolboxes\Analysis Tools.tbx\Identity" Date="20130222" Time="140842">Identity Subprecinct13 FarmersBranch_ProposedSMDPlan_Oct2_SB M:\Projects\DalCoElections\Subprecinct13_FB.shp ALL # NO_RELATIONSHIPS</Process><Process ToolSource="C:\Program Files\ArcGIS\Desktop10.0\ArcToolbox\Toolboxes\Data Management Tools.tbx\CalculateField" Date="20130225" Time="113303">CalculateField Subprecinct13_FB CY ""CYFB0" + [District_N]" VB #</Process><Process ToolSource="C:\Program Files\ArcGIS\Desktop10.0\ArcToolbox\Toolboxes\Data Management Tools.tbx\CalculateField" Date="20130225" Time="113320">CalculateField Subprecinct13_FB CT ""FB0" + [District_N]" VB #</Process><Process ToolSource="C:\Program Files\ArcGIS\Desktop10.0\ArcToolbox\Toolboxes\Data Management Tools.tbx\CalculateField" Date="20130225" Time="113358">CalculateField Subprecinct13_FB CONCAT "RTrim([COMBO]) &amp; [CITY] &amp; [CD] &amp; [CL] &amp; [COMM] &amp; RTrim([CT]) &amp; [CY] &amp; [ED] &amp; RTrim([JP]) &amp; RTrim([LD]) &amp; [PCT] &amp; [SB] &amp; RTrim([SC]) &amp; [SH] &amp; RTrim([SS]) &amp; [WD]" VB #</Process><Process ToolSource="C:\Program Files\ArcGIS\Desktop10.0\ArcToolbox\Toolboxes\Data Management Tools.tbx\CalculateField" Date="20130306" Time="152124">CalculateField Subprecinct13 BALLOT "" VB #</Process><Process ToolSource="C:\Program Files\ArcGIS\Desktop10.0\ArcToolbox\Toolboxes\Data Management Tools.tbx\CalculateField" Date="20130306" Time="152131">CalculateField Subprecinct13 PCT_BALLOT "" VB #</Process><Process ToolSource="C:\Program Files (x86)\ArcGIS\Desktop10.0\ArcToolbox\Toolboxes\Analysis Tools.tbx\Identity" Date="20130827" Time="164610">Identity Subprecinct13 Precinct13 M:\Projects\DalCoElections\shapefiles\TexasHouse\Subprecinct13_H358.shp ALL # NO_RELATIONSHIPS</Process><Process ToolSource="C:\Program Files (x86)\ArcGIS\Desktop10.0\ArcToolbox\Toolboxes\Data Management Tools.tbx\CalculateField" Date="20130830" Time="153744">CalculateField Subprecinct13_H358 CONCAT "RTrim([COMBO]) &amp; [CITY] &amp; [CD] &amp; [CL] &amp; [COMM] &amp; RTrim([CT]) &amp; [CY] &amp; [ED] &amp; RTrim([JP]) &amp; RTrim([LD]) &amp; [PCT] &amp; [SB] &amp; RTrim([SC]) &amp; [SH] &amp; RTrim([SS]) &amp; [WD]" VB #</Process><Process ToolSource="C:\Program Files (x86)\ArcGIS\Desktop10.0\ArcToolbox\Toolboxes\Data Management Tools.tbx\CalculateField" Date="20130830" Time="154347">CalculateField Subprecinct13_H358 CONCAT "RTrim([COMBO]) &amp; [CITY] &amp; [CD] &amp; [CL] &amp; [COMM] &amp; RTrim([CT]) &amp; [CY] &amp; [ED] &amp; RTrim([JP]) &amp; RTrim([LD]) &amp; [PCT] &amp; [SB] &amp; RTrim([SC]) &amp; [SH] &amp; RTrim([SS]) &amp; [WD]" VB #</Process><Process ToolSource="C:\Program Files (x86)\ArcGIS\Desktop10.0\ArcToolbox\Toolboxes\Data Management Tools.tbx\CalculateField" Date="20130830" Time="154645">CalculateField Subprecinct13_H358 CONCAT "RTrim([COMBO]) &amp; [CITY] &amp; [CD] &amp; [CL] &amp; [COMM] &amp; RTrim([CT]) &amp; [CY] &amp; [ED] &amp; RTrim([JP]) &amp; RTrim([LD]) &amp; [PCT] &amp; [SB] &amp; RTrim([SC]) &amp; [SH] &amp; RTrim([SS]) &amp; [WD]" VB #</Process><Process ToolSource="C:\Program Files (x86)\ArcGIS\Desktop10.0\ArcToolbox\Toolboxes\Data Management Tools.tbx\CalculateField" Date="20130830" Time="154735">CalculateField Subprecinct13_H358 LD [LD_1] VB #</Process><Process ToolSource="C:\Program Files (x86)\ArcGIS\Desktop10.0\ArcToolbox\Toolboxes\Data Management Tools.tbx\CalculateField" Date="20130830" Time="154750">CalculateField Subprecinct13_H358 CONCAT "RTrim([COMBO]) &amp; [CITY] &amp; [CD] &amp; [CL] &amp; [COMM] &amp; RTrim([CT]) &amp; [CY] &amp; [ED] &amp; RTrim([JP]) &amp; RTrim([LD]) &amp; [PCT] &amp; [SB] &amp; RTrim([SC]) &amp; [SH] &amp; RTrim([SS]) &amp; [WD]" VB #</Process><Process ToolSource="C:\Program Files (x86)\ArcGIS\Desktop10.0\ArcToolbox\Toolboxes\Data Management Tools.tbx\CalculateField" Date="20130830" Time="180710">CalculateField Subprecinct13_H358 CONCAT "RTrim([COMBO]) &amp; [CITY] &amp; [CD] &amp; [CL] &amp; [COMM] &amp; RTrim([CT]) &amp; [CY] &amp; [ED] &amp; RTrim([JP]) &amp; RTrim([LD]) &amp; [PCT] &amp; [SB] &amp; RTrim([SC]) &amp; [SH] &amp; RTrim([SS]) &amp; [WD]" VB #</Process><Process ToolSource="C:\Program Files (x86)\ArcGIS\Desktop10.0\ArcToolbox\Toolboxes\Data Management Tools.tbx\CalculateField" Date="20130830" Time="181658">CalculateField Subprecinct13_H358 CONCAT "RTrim([COMBO]) &amp; [CITY] &amp; [CD] &amp; [CL] &amp; [COMM] &amp; RTrim([CT]) &amp; [CY] &amp; [ED] &amp; RTrim([JP]) &amp; RTrim([LD]) &amp; [PCT] &amp; [SB] &amp; RTrim([SC]) &amp; [SH] &amp; RTrim([SS]) &amp; [WD]" VB #</Process><Process ToolSource="C:\Program Files (x86)\ArcGIS\Desktop10.0\ArcToolbox\Toolboxes\Data Management Tools.tbx\CalculateField" Date="20130911" Time="100638">CalculateField Subprecinct13 SH Left( [SH],4 ) VB #</Process><Process ToolSource="C:\Program Files (x86)\ArcGIS\Desktop10.0\ArcToolbox\Toolboxes\Data Management Tools.tbx\CalculateField" Date="20130911" Time="100724">CalculateField Subprecinct13 CONCAT "RTrim([COMBO]) &amp; [CITY] &amp; [CD] &amp; [CL] &amp; [COMM] &amp; RTrim([CT]) &amp; [ED] &amp; RTrim([JP]) &amp; RTrim([LD]) &amp; [PCT] &amp; [SB] &amp; RTrim([SC]) &amp; [SH] &amp; RTrim([SS]) &amp; [WD]" VB #</Process><Process ToolSource="c:\program files (x86)\arcgis\desktop10.2\ArcToolbox\Toolboxes\Data Management Tools.tbx\CalculateField" Date="20140922" Time="152514">CalculateField Subprecinct13 BALLOT "" VB #</Process><Process ToolSource="c:\program files (x86)\arcgis\desktop10.2\ArcToolbox\Toolboxes\Data Management Tools.tbx\CalculateField" Date="20140922" Time="152521">CalculateField Subprecinct13 PCT_BALLOT "" VB #</Process><Process ToolSource="c:\program files (x86)\arcgis\desktop10.2\ArcToolbox\Toolboxes\Analysis Tools.tbx\Identity" Date="20150127" Time="152112">Identity Subprecinct13 Redist_final M:\Projects\DalCoElections\Subprecinct13_GPISD.shp ALL # NO_RELATIONSHIPS</Process><Process ToolSource="c:\program files (x86)\arcgis\desktop10.2\ArcToolbox\Toolboxes\Data Management Tools.tbx\CalculateField" Date="20150129" Time="171414">CalculateField Subprecinct13_GPISD SC "GP01" VB #</Process><Process ToolSource="c:\program files (x86)\arcgis\desktop10.2\ArcToolbox\Toolboxes\Data Management Tools.tbx\CalculateField" Date="20150129" Time="171448">CalculateField Subprecinct13_GPISD SC "GP02" VB #</Process><Process ToolSource="c:\program files (x86)\arcgis\desktop10.2\ArcToolbox\Toolboxes\Data Management Tools.tbx\CalculateField" Date="20150129" Time="171840">CalculateField Subprecinct13_GPISD SC "GP04" VB #</Process><Process ToolSource="c:\program files (x86)\arcgis\desktop10.2\ArcToolbox\Toolboxes\Data Management Tools.tbx\CalculateField" Date="20150129" Time="171936">CalculateField Subprecinct13_GPISD SC "GP05" VB #</Process><Process ToolSource="c:\program files (x86)\arcgis\desktop10.2\ArcToolbox\Toolboxes\Data Management Tools.tbx\CalculateField" Date="20150129" Time="172014">CalculateField Subprecinct13_GPISD SC "GP06" VB #</Process><Process ToolSource="c:\program files (x86)\arcgis\desktop10.2\ArcToolbox\Toolboxes\Data Management Tools.tbx\CalculateField" Date="20150211" Time="175350">CalculateField District CONCAT "RTrim([COMBO]) &amp; [CITY] &amp; [CD] &amp; [CL] &amp; [COMM] &amp; RTrim([CT]) &amp; [ED] &amp; RTrim([JP]) &amp; RTrim([LD]) &amp; [PCT] &amp; [SB] &amp; RTrim([SC]) &amp; [SH] &amp; RTrim([SS]) &amp; [WD]" VB #</Process><Process ToolSource="c:\program files (x86)\arcgis\desktop10.2\ArcToolbox\Toolboxes\Analysis Tools.tbx\Identity" Date="20150217" Time="130804">Identity Subprecinct15 IrvingISD_2015_TrusteeDistricts_7_0 M:\Projects\DalCoElections\Subprecinct15_IrvingISD.shp ALL # NO_RELATIONSHIPS</Process><Process ToolSource="c:\program files (x86)\arcgis\desktop10.2\ArcToolbox\Toolboxes\Data Management Tools.tbx\CalculateField" Date="20150217" Time="135222">CalculateField Subprecinct15_IrvingISD SC ""IR0" &amp; [District_N]" VB #</Process><Process ToolSource="c:\program files (x86)\arcgis\desktop10.2\ArcToolbox\Toolboxes\Data Management Tools.tbx\CalculateField" Date="20150217" Time="140046">CalculateField Subprecinct15_IrvingISD SC ""IR0" &amp; [District_N]" VB #</Process><Process ToolSource="c:\program files (x86)\arcgis\desktop10.2\ArcToolbox\Toolboxes\Data Management Tools.tbx\CalculateField" Date="20150217" Time="150027">CalculateField Subprecinct15_IrvingISD SC ""IR0" &amp; [District_N]" VB #</Process><Process ToolSource="c:\program files (x86)\arcgis\desktop10.2\ArcToolbox\Toolboxes\Data Management Tools.tbx\CalculateField" Date="20150217" Time="150442">CalculateField Subprecinct15_IrvingISD SC ""IR0" &amp; [District_N]" VB #</Process><Process ToolSource="c:\program files (x86)\arcgis\desktop10.2\ArcToolbox\Toolboxes\Data Management Tools.tbx\CalculateField" Date="20150217" Time="150615">CalculateField Subprecinct15_IrvingISD SC ""IR0" &amp; [District_N]" VB #</Process><Process ToolSource="c:\program files (x86)\arcgis\desktop10.2\ArcToolbox\Toolboxes\Data Management Tools.tbx\CalculateField" Date="20150217" Time="151123">CalculateField Subprecinct15_IrvingISD SC ""IR0" &amp; [District_N]" VB #</Process><Process ToolSource="c:\program files (x86)\arcgis\desktop10.2\ArcToolbox\Toolboxes\Data Management Tools.tbx\CalculateField" Date="20150217" Time="151630">CalculateField Subprecinct15_IrvingISD SC ""IR0" &amp; [District_N]" VB #</Process><Process ToolSource="c:\program files (x86)\arcgis\desktop10.2\ArcToolbox\Toolboxes\Data Management Tools.tbx\CalculateField" Date="20150217" Time="151856">CalculateField Subprecinct15_IrvingISD SC ""IR0" &amp; [District_N]" VB #</Process><Process ToolSource="c:\program files (x86)\arcgis\desktop10.2\ArcToolbox\Toolboxes\Data Management Tools.tbx\CalculateField" Date="20150217" Time="153416">CalculateField Subprecinct15_IrvingISD SC ""IR0" &amp; [District_N]" VB #</Process><Process ToolSource="c:\program files (x86)\arcgis\desktop10.2\ArcToolbox\Toolboxes\Data Management Tools.tbx\CalculateField" Date="20150217" Time="153810">CalculateField Subprecinct15_IrvingISD SC ""IR0" &amp; [District_N]" VB #</Process><Process ToolSource="c:\program files (x86)\arcgis\desktop10.2\ArcToolbox\Toolboxes\Data Management Tools.tbx\CalculateField" Date="20150217" Time="154328">CalculateField Subprecinct15_IrvingISD SC ""IR0" &amp; [District_N]" VB #</Process><Process ToolSource="c:\program files (x86)\arcgis\desktop10.2\ArcToolbox\Toolboxes\Data Management Tools.tbx\CalculateField" Date="20150217" Time="154701">CalculateField Subprecinct15_IrvingISD SC ""IR0" &amp; [District_N]" VB #</Process><Process ToolSource="c:\program files (x86)\arcgis\desktop10.2\ArcToolbox\Toolboxes\Data Management Tools.tbx\CalculateField" Date="20150217" Time="155621">CalculateField Subprecinct15_IrvingISD SC ""IR0" &amp; [District_N]" VB #</Process><Process ToolSource="c:\program files (x86)\arcgis\desktop10.2\ArcToolbox\Toolboxes\Data Management Tools.tbx\CalculateField" Date="20150217" Time="161553">CalculateField Subprecinct15_IrvingISD SC ""IR0" &amp; [District_N]" VB #</Process><Process ToolSource="c:\program files (x86)\arcgis\desktop10.2\ArcToolbox\Toolboxes\Data Management Tools.tbx\CalculateField" Date="20150217" Time="161838">CalculateField Subprecinct15_IrvingISD SC ""IR0" &amp; [District_N]" VB #</Process><Process ToolSource="c:\program files (x86)\arcgis\desktop10.2\ArcToolbox\Toolboxes\Data Management Tools.tbx\CalculateField" Date="20150217" Time="163209">CalculateField Subprecinct15_IrvingISD SC ""IR0" &amp; [District_N]" VB #</Process><Process ToolSource="c:\program files (x86)\arcgis\desktop10.2\ArcToolbox\Toolboxes\Data Management Tools.tbx\CalculateField" Date="20150217" Time="164128">CalculateField Subprecinct15_IrvingISD SC ""IR0" &amp; [District_N]" VB #</Process><Process ToolSource="c:\program files (x86)\arcgis\desktop10.2\ArcToolbox\Toolboxes\Data Management Tools.tbx\CalculateField" Date="20150217" Time="165337">CalculateField Subprecinct15_IrvingISD SC ""IR0" &amp; [District_N]" VB #</Process><Process ToolSource="c:\program files (x86)\arcgis\desktop10.2\ArcToolbox\Toolboxes\Data Management Tools.tbx\CalculateField" Date="20150217" Time="170428">CalculateField Subprecinct15_IrvingISD SC ""IR0" &amp; [District_N]" VB #</Process><Process ToolSource="c:\program files (x86)\arcgis\desktop10.2\ArcToolbox\Toolboxes\Data Management Tools.tbx\CalculateField" Date="20150217" Time="170641">CalculateField Subprecinct15_IrvingISD SC ""IR0" &amp; [District_N]" VB #</Process><Process ToolSource="c:\program files (x86)\arcgis\desktop10.2\ArcToolbox\Toolboxes\Data Management Tools.tbx\CalculateField" Date="20150217" Time="170906">CalculateField Subprecinct15_IrvingISD SC ""IR0" &amp; [District_N]" VB #</Process><Process ToolSource="c:\program files (x86)\arcgis\desktop10.2\ArcToolbox\Toolboxes\Data Management Tools.tbx\CalculateField" Date="20150217" Time="171224">CalculateField Subprecinct15_IrvingISD SC ""IR0" &amp; [District_N]" VB #</Process><Process ToolSource="c:\program files (x86)\arcgis\desktop10.2\ArcToolbox\Toolboxes\Data Management Tools.tbx\CalculateField" Date="20150217" Time="173611">CalculateField Subprecinct15_IrvingISD SC ""IR0" &amp; [District_N]" VB #</Process><Process ToolSource="c:\program files (x86)\arcgis\desktop10.2\ArcToolbox\Toolboxes\Data Management Tools.tbx\CalculateField" Date="20150217" Time="173815">CalculateField Subprecinct15_IrvingISD SC ""IR0" &amp; [District_N]" VB #</Process><Process ToolSource="c:\program files (x86)\arcgis\desktop10.2\ArcToolbox\Toolboxes\Data Management Tools.tbx\CalculateField" Date="20150217" Time="174200">CalculateField Subprecinct15_IrvingISD SC ""IR0" &amp; [District_N]" VB #</Process><Process ToolSource="c:\program files (x86)\arcgis\desktop10.2\ArcToolbox\Toolboxes\Data Management Tools.tbx\CalculateField" Date="20150217" Time="174424">CalculateField Subprecinct15_IrvingISD SC ""IR0" &amp; [District_N]" VB #</Process><Process ToolSource="c:\program files (x86)\arcgis\desktop10.2\ArcToolbox\Toolboxes\Data Management Tools.tbx\CalculateField" Date="20150217" Time="174623">CalculateField Subprecinct15_IrvingISD SC ""IR0" &amp; [District_N]" VB #</Process><Process ToolSource="c:\program files (x86)\arcgis\desktop10.2\ArcToolbox\Toolboxes\Data Management Tools.tbx\CalculateField" Date="20150217" Time="174714">CalculateField Subprecinct15_IrvingISD SC ""IR0" &amp; [District_N]" VB #</Process><Process ToolSource="c:\program files (x86)\arcgis\desktop10.2\ArcToolbox\Toolboxes\Data Management Tools.tbx\CalculateField" Date="20150217" Time="174754">CalculateField Subprecinct15_IrvingISD SC ""IR0" &amp; [District_N]" VB #</Process><Process ToolSource="c:\program files (x86)\arcgis\desktop10.2\ArcToolbox\Toolboxes\Data Management Tools.tbx\CalculateField" Date="20150217" Time="174839">CalculateField Subprecinct15_IrvingISD SC ""IR0" &amp; [District_N]" VB #</Process><Process ToolSource="c:\program files (x86)\arcgis\desktop10.2\ArcToolbox\Toolboxes\Data Management Tools.tbx\CalculateField" Date="20150217" Time="174925">CalculateField Subprecinct15_IrvingISD SC ""IR0" &amp; [District_N]" VB #</Process><Process ToolSource="c:\program files (x86)\arcgis\desktop10.2\ArcToolbox\Toolboxes\Data Management Tools.tbx\CalculateField" Date="20150217" Time="175002">CalculateField Subprecinct15_IrvingISD SC ""IR0" &amp; [District_N]" VB #</Process><Process ToolSource="c:\program files (x86)\arcgis\desktop10.2\ArcToolbox\Toolboxes\Data Management Tools.tbx\CalculateField" Date="20150217" Time="175132">CalculateField Subprecinct15_IrvingISD SC ""IR0" &amp; [District_N]" VB #</Process><Process ToolSource="c:\program files (x86)\arcgis\desktop10.2\ArcToolbox\Toolboxes\Data Management Tools.tbx\CalculateField" Date="20150217" Time="175309">CalculateField Subprecinct15_IrvingISD SC ""IR0" &amp; [District_N]" VB #</Process><Process ToolSource="c:\program files (x86)\arcgis\desktop10.2\ArcToolbox\Toolboxes\Data Management Tools.tbx\CalculateField" Date="20150217" Time="175355">CalculateField Subprecinct15_IrvingISD SC ""IR0" &amp; [District_N]" VB #</Process><Process ToolSource="c:\program files (x86)\arcgis\desktop10.2\ArcToolbox\Toolboxes\Data Management Tools.tbx\CalculateField" Date="20150217" Time="175434">CalculateField Subprecinct15_IrvingISD SC ""IR0" &amp; [District_N]" VB #</Process><Process ToolSource="c:\program files (x86)\arcgis\desktop10.2\ArcToolbox\Toolboxes\Data Management Tools.tbx\CalculateField" Date="20150217" Time="175846">CalculateField Subprecinct15_IrvingISD SC ""IR0" &amp; [District_N]" VB #</Process><Process ToolSource="c:\program files (x86)\arcgis\desktop10.2\ArcToolbox\Toolboxes\Data Management Tools.tbx\CalculateField" Date="20150217" Time="175943">CalculateField Subprecinct15_IrvingISD SC ""IR0" &amp; [District_N]" VB #</Process><Process ToolSource="c:\program files (x86)\arcgis\desktop10.2\ArcToolbox\Toolboxes\Data Management Tools.tbx\CalculateField" Date="20150217" Time="180017">CalculateField Subprecinct15_IrvingISD SC ""IR0" &amp; [District_N]" VB #</Process><Process ToolSource="c:\program files (x86)\arcgis\desktop10.2\ArcToolbox\Toolboxes\Data Management Tools.tbx\CalculateField" Date="20150217" Time="180156">CalculateField Subprecinct15_IrvingISD SC ""IR0" &amp; [District_N]" VB #</Process><Process ToolSource="c:\program files (x86)\arcgis\desktop10.2\ArcToolbox\Toolboxes\Data Management Tools.tbx\CalculateField" Date="20150217" Time="180248">CalculateField Subprecinct15_IrvingISD SC ""IR0" &amp; [District_N]" VB #</Process><Process ToolSource="c:\program files (x86)\arcgis\desktop10.2\ArcToolbox\Toolboxes\Data Management Tools.tbx\CalculateField" Date="20150217" Time="180404">CalculateField Subprecinct15_IrvingISD SC ""IR0" &amp; [District_N]" VB #</Process><Process ToolSource="c:\program files (x86)\arcgis\desktop10.2\ArcToolbox\Toolboxes\Data Management Tools.tbx\CalculateField" Date="20150217" Time="180551">CalculateField Subprecinct15_IrvingISD SC ""IR0" &amp; [District_N]" VB #</Process><Process ToolSource="c:\program files (x86)\arcgis\desktop10.2\ArcToolbox\Toolboxes\Data Management Tools.tbx\CalculateField" Date="20150217" Time="180713">CalculateField Subprecinct15_IrvingISD SC ""IR0" &amp; [District_N]" VB #</Process><Process ToolSource="c:\program files (x86)\arcgis\desktop10.2\ArcToolbox\Toolboxes\Data Management Tools.tbx\CalculateField" Date="20150218" Time="163753">CalculateField Subprecinct15_IrvingISD SC ""IR0" &amp; [District_N]" VB #</Process><Process ToolSource="c:\program files (x86)\arcgis\desktop10.2\ArcToolbox\Toolboxes\Data Management Tools.tbx\CalculateField" Date="20150227" Time="154818">CalculateField Subprecinct15_IrvingISD CONCAT "RTrim([COMBO]) &amp; [CITY] &amp; [CD] &amp; [CL] &amp; [COMM] &amp; RTrim([CT]) &amp; [ED] &amp; RTrim([JP]) &amp; RTrim([LD]) &amp; [PCT] &amp; [SB] &amp; RTrim([SC]) &amp; [SH] &amp; RTrim([SS]) &amp; [WD]" VB #</Process><Process ToolSource="c:\program files (x86)\arcgis\desktop10.2\ArcToolbox\Toolboxes\Analysis Tools.tbx\Identity" Date="20150421" Time="135952">Identity Subprecinct15 "MMD 20150115-1" M:\Projects\DalCoElections\Subprecinct15_Cypress.shp ALL # NO_RELATIONSHIPS</Process><Process ToolSource="c:\program files (x86)\arcgis\desktop10.2\ArcToolbox\Toolboxes\Data Management Tools.tbx\CalculateField" Date="20150424" Time="165810">CalculateField Subprecinct15_Cypress CONCAT "RTrim([COMBO]) &amp; [CITY] &amp; [CD] &amp; [CL] &amp; [COMM] &amp; RTrim([CT]) &amp; [ED] &amp; RTrim([JP]) &amp; RTrim([LD]) &amp; [PCT] &amp; [SB] &amp; RTrim([SC]) &amp; [SH] &amp; RTrim([SS]) &amp; [WD]" VB #</Process><Process ToolSource="c:\program files (x86)\arcgis\desktop10.2\ArcToolbox\Toolboxes\Data Management Tools.tbx\CalculateField" Date="20150515" Time="161544">CalculateField Subprecinct15_Cleanup ADDRESS_PT "N" VB #</Process><Process ToolSource="c:\program files (x86)\arcgis\desktop10.2\ArcToolbox\Toolboxes\Data Management Tools.tbx\CalculateField" Date="20150515" Time="163655">CalculateField Subprecinct15_Cleanup Quote "[Shape_len] /4" VB #</Process><Process ToolSource="c:\program files (x86)\arcgis\desktop10.2\ArcToolbox\Toolboxes\Data Management Tools.tbx\CalculateField" Date="20150515" Time="164552">CalculateField Subprecinct15_Cleanup Quote ([Shape_len] /4)^2 VB #</Process><Process ToolSource="c:\program files (x86)\arcgis\desktop10.2\ArcToolbox\Toolboxes\Data Management Tools.tbx\CalculateField" Date="20150515" Time="164753">CalculateField Subprecinct15_Cleanup Quote ([Shape_area]^0.5)*( [Shape_area]/(([Shape_len]/4)^2)) VB #</Process><Process ToolSource="c:\program files (x86)\arcgis\desktop10.2\ArcToolbox\Toolboxes\Analysis Tools.tbx\Identity" Date="20150731" Time="132202">Identity Subprecinct15 ADOPTED_GP_COUNCIL_2015 M:\Projects\DalCoElections\Subprecinct15_GP.shp ALL # NO_RELATIONSHIPS</Process><Process ToolSource="c:\program files (x86)\arcgis\desktop10.2\ArcToolbox\Toolboxes\Data Management Tools.tbx\CalculateField" Date="20150817" Time="144700">CalculateField Subprecinct15_GP CY "CYGP01" VB #</Process><Process ToolSource="c:\program files (x86)\arcgis\desktop10.2\ArcToolbox\Toolboxes\Data Management Tools.tbx\CalculateField" Date="20150817" Time="144712">CalculateField Subprecinct15_GP CT "GP01" VB #</Process><Process ToolSource="c:\program files (x86)\arcgis\desktop10.2\ArcToolbox\Toolboxes\Data Management Tools.tbx\CalculateField" Date="20150817" Time="144829">CalculateField Subprecinct15_GP CY "CYGP05" VB #</Process><Process ToolSource="c:\program files (x86)\arcgis\desktop10.2\ArcToolbox\Toolboxes\Data Management Tools.tbx\CalculateField" Date="20150817" Time="144839">CalculateField Subprecinct15_GP CT "GP05" VB #</Process><Process ToolSource="c:\program files (x86)\arcgis\desktop10.2\ArcToolbox\Toolboxes\Data Management Tools.tbx\CalculateField" Date="20150817" Time="144933">CalculateField Subprecinct15_GP CY "CYGP02" VB #</Process><Process ToolSource="c:\program files (x86)\arcgis\desktop10.2\ArcToolbox\Toolboxes\Data Management Tools.tbx\CalculateField" Date="20150817" Time="144942">CalculateField Subprecinct15_GP CT "GP02" VB #</Process><Process ToolSource="c:\program files (x86)\arcgis\desktop10.2\ArcToolbox\Toolboxes\Data Management Tools.tbx\CalculateField" Date="20150817" Time="145033">CalculateField Subprecinct15_GP CY "CYGP03" VB #</Process><Process ToolSource="c:\program files (x86)\arcgis\desktop10.2\ArcToolbox\Toolboxes\Data Management Tools.tbx\CalculateField" Date="20150817" Time="145044">CalculateField Subprecinct15_GP CT "GP03" VB #</Process><Process ToolSource="c:\program files (x86)\arcgis\desktop10.2\ArcToolbox\Toolboxes\Data Management Tools.tbx\CalculateField" Date="20150817" Time="145626">CalculateField Subprecinct15_GP CY "" VB #</Process><Process ToolSource="c:\program files (x86)\arcgis\desktop10.2\ArcToolbox\Toolboxes\Data Management Tools.tbx\CalculateField" Date="20150817" Time="150127">CalculateField Subprecinct15_GP CY "CYGP01" VB #</Process><Process ToolSource="c:\program files (x86)\arcgis\desktop10.2\ArcToolbox\Toolboxes\Data Management Tools.tbx\CalculateField" Date="20150817" Time="150338">CalculateField Subprecinct15_GP CY "CYGP02" VB #</Process><Process ToolSource="c:\program files (x86)\arcgis\desktop10.2\ArcToolbox\Toolboxes\Data Management Tools.tbx\CalculateField" Date="20150817" Time="150627">CalculateField Subprecinct15_GP CY "CYGP03" VB #</Process><Process ToolSource="c:\program files (x86)\arcgis\desktop10.2\ArcToolbox\Toolboxes\Data Management Tools.tbx\CalculateField" Date="20150817" Time="150826">CalculateField Subprecinct15_GP CY "CYGP04" VB #</Process><Process ToolSource="c:\program files (x86)\arcgis\desktop10.2\ArcToolbox\Toolboxes\Data Management Tools.tbx\CalculateField" Date="20150817" Time="151049">CalculateField Subprecinct15_GP CY "CYGP05" VB #</Process><Process ToolSource="c:\program files (x86)\arcgis\desktop10.2\ArcToolbox\Toolboxes\Data Management Tools.tbx\CalculateField" Date="20150817" Time="151301">CalculateField Subprecinct15_GP CY "CYGP06" VB #</Process><Process ToolSource="c:\program files (x86)\arcgis\desktop10.2\ArcToolbox\Toolboxes\Data Management Tools.tbx\CalculateField" Date="20150817" Time="151345">CalculateField Subprecinct15_GP CY "CYGP01" VB #</Process><Process ToolSource="c:\program files (x86)\arcgis\desktop10.2\ArcToolbox\Toolboxes\Data Management Tools.tbx\CalculateField" Date="20150817" Time="151412">CalculateField Subprecinct15_GP CY "CYGP06" VB #</Process><Process ToolSource="c:\program files (x86)\arcgis\desktop10.2\ArcToolbox\Toolboxes\Data Management Tools.tbx\CalculateField" Date="20150817" Time="151427">CalculateField Subprecinct15_GP CY "CYGP06" VB #</Process><Process ToolSource="c:\program files (x86)\arcgis\desktop10.2\ArcToolbox\Toolboxes\Data Management Tools.tbx\CalculateField" Date="20150817" Time="151446">CalculateField Subprecinct15_GP CY "CYGP03" VB #</Process><Process ToolSource="c:\program files (x86)\arcgis\desktop10.2\ArcToolbox\Toolboxes\Data Management Tools.tbx\CalculateField" Date="20150817" Time="151720">CalculateField Subprecinct15_GP CT Right( [CY],4 ) VB #</Process><Process ToolSource="c:\program files (x86)\arcgis\desktop10.2\ArcToolbox\Toolboxes\Data Management Tools.tbx\CalculateField" Date="20150817" Time="151746">CalculateField Subprecinct15_GP CONCAT "RTrim([COMBO]) &amp; [CITY] &amp; [CD] &amp; [CL] &amp; [COMM] &amp; RTrim([CT]) &amp; [ED] &amp; RTrim([JP]) &amp; RTrim([LD]) &amp; [PCT] &amp; [SB] &amp; RTrim([SC]) &amp; [SH] &amp; RTrim([SS]) &amp; [WD]" VB #</Process><Process ToolSource="c:\program files (x86)\arcgis\desktop10.2\ArcToolbox\Toolboxes\Analysis Tools.tbx\Identity" Date="20150821" Time="152649">Identity Subprecinct15_GP "Wilmer NUD No 1" M:\Projects\DalCoElections\Subprecinct_MUD1.shp ALL # NO_RELATIONSHIPS</Process><Process ToolSource="c:\program files (x86)\arcgis\desktop10.2\ArcToolbox\Toolboxes\Data Management Tools.tbx\CalculateField" Date="20150821" Time="160933">CalculateField Subprecinct15_MUD1 CONCAT "RTrim([COMBO]) &amp; [CITY] &amp; [CD] &amp; [CL] &amp; [COMM] &amp; RTrim([CT]) &amp; [ED] &amp; RTrim([JP]) &amp; RTrim([LD]) &amp; [PCT] &amp; [SB] &amp; RTrim([SC]) &amp; [SH] &amp; RTrim([SS]) &amp; [WD]" VB #</Process><Process ToolSource="c:\program files (x86)\arcgis\desktop10.2\ArcToolbox\Toolboxes\Data Management Tools.tbx\CalculateField" Date="20150827" Time="172147">CalculateField Subprecinct15_MUD1 CITY_NAME "CW GRAND PRAIRIE" VB #</Process><Process ToolSource="c:\program files (x86)\arcgis\desktop10.2\ArcToolbox\Toolboxes\Data Management Tools.tbx\CalculateField" Date="20150827" Time="172213">CalculateField Subprecinct15_MUD1 CITYNAME "Grand Prairie" VB #</Process><Process ToolSource="c:\program files (x86)\arcgis\desktop10.2\ArcToolbox\Toolboxes\Data Management Tools.tbx\CalculateField" Date="20150904" Time="135625">CalculateField Subprecinct15_MUD1 CONCAT "RTrim([COMBO]) &amp; [CITY] &amp; [CD] &amp; [CL] &amp; [COMM] &amp; RTrim([CT]) &amp; [ED] &amp; RTrim([JP]) &amp; RTrim([LD]) &amp; [PCT] &amp; [SB] &amp; RTrim([SC]) &amp; [SH] &amp; RTrim([SS]) &amp; [WD]" VB #</Process></lineage><itemProps><itemLocation><linkage Sync="TRUE">file://\\NCTCOG.DST.TX.US\office$\ris$\Projects\DalCoElections\Subprecinct_MUD1.shp</linkage><protocol Sync="TRUE">Local Area Network</protocol></itemLocation><itemName Sync="TRUE">Subprecinct_MUD1</itemName><imsContentType Sync="TRUE">002</imsContentType><itemSize Sync="TRUE">0.000</itemSize></itemProps><copyHistory><copy source="\\Office\ris\Projects\DalCoElections\PctSub12_033112" dest="\\Office\ris\Projects\DalCoElections\PctSub12_033112Copy" date="20120402" time="14025400"></copy></copyHistory><coordRef><type Sync="TRUE">Projected</type><geogcsn Sync="TRUE">GCS_North_American_1983</geogcsn><csUnits Sync="TRUE">Linear Unit: Foot_US (0.304801)</csUnits><peXml Sync="TRUE">&lt;ProjectedCoordinateSystem xsi:type='typens:ProjectedCoordinateSystem' xmlns:xsi='http://www.w3.org/2001/XMLSchema-instance' xmlns:xs='http://www.w3.org/2001/XMLSchema' xmlns:typens='http://www.esri.com/schemas/ArcGIS/10.1'&gt;&lt;WKT&gt;PROJCS[&amp;quot;NAD_1983_StatePlane_Texas_North_Central_FIPS_4202_Feet&amp;quot;,GEOGCS[&amp;quot;GCS_North_American_1983&amp;quot;,DATUM[&amp;quot;D_North_American_1983&amp;quot;,SPHEROID[&amp;quot;GRS_1980&amp;quot;,6378137.0,298.257222101]],PRIMEM[&amp;quot;Greenwich&amp;quot;,0.0],UNIT[&amp;quot;Degree&amp;quot;,0.0174532925199433]],PROJECTION[&amp;quot;Lambert_Conformal_Conic&amp;quot;],PARAMETER[&amp;quot;False_Easting&amp;quot;,1968500.0],PARAMETER[&amp;quot;False_Northing&amp;quot;,6561666.666666666],PARAMETER[&amp;quot;Central_Meridian&amp;quot;,-98.5],PARAMETER[&amp;quot;Standard_Parallel_1&amp;quot;,32.13333333333333],PARAMETER[&amp;quot;Standard_Parallel_2&amp;quot;,33.96666666666667],PARAMETER[&amp;quot;Latitude_Of_Origin&amp;quot;,31.66666666666667],UNIT[&amp;quot;Foot_US&amp;quot;,0.3048006096012192],AUTHORITY[&amp;quot;EPSG&amp;quot;,2276]]&lt;/WKT&gt;&lt;XOrigin&gt;-123407700&lt;/XOrigin&gt;&lt;YOrigin&gt;-86123500&lt;/YOrigin&gt;&lt;XYScale&gt;35920690.11000888&lt;/XYScale&gt;&lt;ZOrigin&gt;-100000&lt;/ZOrigin&gt;&lt;ZScale&gt;10000&lt;/ZScale&gt;&lt;MOrigin&gt;-100000&lt;/MOrigin&gt;&lt;MScale&gt;10000&lt;/MScale&gt;&lt;XYTolerance&gt;0.0032808333333333331&lt;/XYTolerance&gt;&lt;ZTolerance&gt;0.001&lt;/ZTolerance&gt;&lt;MTolerance&gt;0.001&lt;/MTolerance&gt;&lt;HighPrecision&gt;true&lt;/HighPrecision&gt;&lt;WKID&gt;102738&lt;/WKID&gt;&lt;LatestWKID&gt;2276&lt;/LatestWKID&gt;&lt;/ProjectedCoordinateSystem&gt;</peXml><projcsn Sync="TRUE">NAD_1983_StatePlane_Texas_North_Central_FIPS_4202_Feet</projcsn></coordRef></DataProperties><SyncDate>20150821</SyncDate><SyncTime>15264800</SyncTime><ModDate>20150821</ModDate><ModTime>15264800</ModTime><ArcGISFormat>1.0</ArcGISFormat></Esri><dataIdInfo><envirDesc Sync="TRUE">Microsoft Windows 7 Version 6.1 (Build 7601) Service Pack 1; Esri ArcGIS 10.2.0.3348</envirDesc><dataLang><languageCode value="eng" Sync="TRUE"></languageCode><countryCode value="USA" Sync="TRUE"></countryCode></dataLang><idCitation><resTitle Sync="TRUE">Subprecinct_MUD1</resTitle><presForm><PresFormCd value="005" Sync="TRUE"></PresFormCd></presForm></idCitation><spatRpType><SpatRepTypCd value="001" Sync="TRUE"></SpatRepTypCd></spatRpType></dataIdInfo><mdLang><languageCode value="eng" Sync="TRUE"></languageCode><countryCode value="USA" Sync="TRUE"></countryCode></mdLang><distInfo><distFormat><formatName Sync="TRUE">Shapefile</formatName></distFormat><distTranOps><transSize Sync="TRUE">0.000</transSize></distTranOps></distInfo><mdHrLv><ScopeCd value="005" Sync="TRUE"></ScopeCd></mdHrLv><mdHrLvName Sync="TRUE">dataset</mdHrLvName><refSysInfo><RefSystem><refSysID><identCode code="2276" Sync="TRUE" value="2276"></identCode><idCodeSpace Sync="TRUE">EPSG</idCodeSpace><idVersion Sync="TRUE">8.1.1</idVersion></refSysID></RefSystem></refSysInfo><spatRepInfo><VectSpatRep><geometObjs Name="Subprecinct_MUD1"><geoObjTyp><GeoObjTypCd value="002" Sync="TRUE"></GeoObjTypCd></geoObjTyp><geoObjCnt Sync="TRUE">0</geoObjCnt></geometObjs><topLvl><TopoLevCd value="001" Sync="TRUE"></TopoLevCd></topLvl></VectSpatRep></spatRepInfo><spdoinfo><ptvctinf><esriterm Name="Subprecinct_MUD1"><efeatyp Sync="TRUE">Simple</efeatyp><efeageom code="4" Sync="TRUE"></efeageom><esritopo Sync="TRUE">FALSE</esritopo><efeacnt Sync="TRUE">0</efeacnt><spindex Sync="TRUE">FALSE</spindex><linrefer Sync="TRUE">FALSE</linrefer></esriterm></ptvctinf></spdoinfo><eainfo><detailed Name="Subprecinct_MUD1"><enttyp><enttypl Sync="TRUE">Subprecinct_MUD1</enttypl><enttypt Sync="TRUE">Feature Class</enttypt><enttypc Sync="TRUE">0</enttypc></enttyp><attr><attrlabl Sync="TRUE">FID</attrlabl><attalias Sync="TRUE">FID</attalias><attrtype Sync="TRUE">OID</attrtype><attwidth Sync="TRUE">4</attwidth><atprecis Sync="TRUE">0</atprecis><attscale Sync="TRUE">0</attscale><attrdef Sync="TRUE">Internal feature number.</attrdef><attrdefs Sync="TRUE">ESRI</attrdefs><attrdomv><udom Sync="TRUE">Sequential unique whole numbers that are automatically generated.</udom></attrdomv></attr><attr><attrlabl Sync="TRUE">Shape</attrlabl><attalias Sync="TRUE">Shape</attalias><attrtype Sync="TRUE">Geometry</attrtype><attwidth Sync="TRUE">0</attwidth><atprecis Sync="TRUE">0</atprecis><attscale Sync="TRUE">0</attscale><attrdef Sync="TRUE">Feature geometry.</attrdef><attrdefs Sync="TRUE">ESRI</attrdefs><attrdomv><udom Sync="TRUE">Coordinates defining the features.</udom></attrdomv></attr><attr><attrlabl Sync="TRUE">FID_Subpre</attrlabl><attalias Sync="TRUE">FID_Subpre</attalias><attrtype Sync="TRUE">Integer</attrtype><attwidth Sync="TRUE">9</attwidth><atprecis Sync="TRUE">9</atprecis><attscale Sync="TRUE">0</attscale></attr><attr><attrlabl Sync="TRUE">FID_Subp_1</attrlabl><attalias Sync="TRUE">FID_Subp_1</attalias><attrtype Sync="TRUE">Integer</attrtype><attwidth Sync="TRUE">9</attwidth><atprecis Sync="TRUE">9</atprecis><attscale Sync="TRUE">0</attscale></attr><attr><attrlabl Sync="TRUE">FID_Subp_2</attrlabl><attalias Sync="TRUE">FID_Subp_2</attalias><attrtype Sync="TRUE">Integer</attrtype><attwidth Sync="TRUE">9</attwidth><atprecis Sync="TRUE">9</atprecis><attscale Sync="TRUE">0</attscale></attr><attr><attrlabl Sync="TRUE">CL</attrlabl><attalias Sync="TRUE">CL</attalias><attrtype Sync="TRUE">String</attrtype><attwidth Sync="TRUE">6</attwidth><atprecis Sync="TRUE">0</atprecis><attscale Sync="TRUE">0</attscale></attr><attr><attrlabl Sync="TRUE">CY</attrlabl><attalias Sync="TRUE">CY</attalias><attrtype Sync="TRUE">String</attrtype><attwidth Sync="TRUE">6</attwidth><atprecis Sync="TRUE">0</atprecis><attscale Sync="TRUE">0</attscale></attr><attr><attrlabl Sync="TRUE">SH</attrlabl><attalias Sync="TRUE">SH</attalias><attrtype Sync="TRUE">String</attrtype><attwidth Sync="TRUE">6</attwidth><atprecis Sync="TRUE">0</atprecis><attscale Sync="TRUE">0</attscale></attr><attr><attrlabl Sync="TRUE">WD</attrlabl><attalias Sync="TRUE">WD</attalias><attrtype Sync="TRUE">String</attrtype><attwidth Sync="TRUE">12</attwidth><atprecis Sync="TRUE">0</atprecis><attscale Sync="TRUE">0</attscale></attr><attr><attrlabl Sync="TRUE">PCT12</attrlabl><attalias Sync="TRUE">PCT12</attalias><attrtype Sync="TRUE">String</attrtype><attwidth Sync="TRUE">5</attwidth><atprecis Sync="TRUE">0</atprecis><attscale Sync="TRUE">0</attscale></attr><attr><attrlabl Sync="TRUE">SUB12</attrlabl><attalias Sync="TRUE">SUB12</attalias><attrtype Sync="TRUE">String</attrtype><attwidth Sync="TRUE">5</attwidth><atprecis Sync="TRUE">0</atprecis><attscale Sync="TRUE">0</attscale></attr><attr><attrlabl Sync="TRUE">COMBO</attrlabl><attalias Sync="TRUE">COMBO</attalias><attrtype Sync="TRUE">String</attrtype><attwidth Sync="TRUE">10</attwidth><atprecis Sync="TRUE">0</atprecis><attscale Sync="TRUE">0</attscale></attr><attr><attrlabl Sync="TRUE">CONCAT</attrlabl><attalias Sync="TRUE">CONCAT</attalias><attrtype Sync="TRUE">String</attrtype><attwidth Sync="TRUE">192</attwidth><atprecis Sync="TRUE">0</atprecis><attscale Sync="TRUE">0</attscale></attr><attr><attrlabl Sync="TRUE">CITY</attrlabl><attalias Sync="TRUE">CITY</attalias><attrtype Sync="TRUE">String</attrtype><attwidth Sync="TRUE">5</attwidth><atprecis Sync="TRUE">0</atprecis><attscale Sync="TRUE">0</attscale></attr><attr><attrlabl Sync="TRUE">CD</attrlabl><attalias Sync="TRUE">CD</attalias><attrtype Sync="TRUE">String</attrtype><attwidth Sync="TRUE">12</attwidth><atprecis Sync="TRUE">0</atprecis><attscale Sync="TRUE">0</attscale></attr><attr><attrlabl Sync="TRUE">COMM</attrlabl><attalias Sync="TRUE">COMM</attalias><attrtype Sync="TRUE">String</attrtype><attwidth Sync="TRUE">12</attwidth><atprecis Sync="TRUE">0</atprecis><attscale Sync="TRUE">0</attscale></attr><attr><attrlabl Sync="TRUE">CT</attrlabl><attalias Sync="TRUE">CT</attalias><attrtype Sync="TRUE">String</attrtype><attwidth Sync="TRUE">12</attwidth><atprecis Sync="TRUE">0</atprecis><attscale Sync="TRUE">0</attscale></attr><attr><attrlabl Sync="TRUE">ED</attrlabl><attalias Sync="TRUE">ED</attalias><attrtype Sync="TRUE">String</attrtype><attwidth Sync="TRUE">12</attwidth><atprecis Sync="TRUE">0</atprecis><attscale Sync="TRUE">0</attscale></attr><attr><attrlabl Sync="TRUE">JP</attrlabl><attalias Sync="TRUE">JP</attalias><attrtype Sync="TRUE">String</attrtype><attwidth Sync="TRUE">12</attwidth><atprecis Sync="TRUE">0</atprecis><attscale Sync="TRUE">0</attscale></attr><attr><attrlabl Sync="TRUE">LD</attrlabl><attalias Sync="TRUE">LD</attalias><attrtype Sync="TRUE">String</attrtype><attwidth Sync="TRUE">12</attwidth><atprecis Sync="TRUE">0</atprecis><attscale Sync="TRUE">0</attscale></attr><attr><attrlabl Sync="TRUE">PCT</attrlabl><attalias Sync="TRUE">PCT</attalias><attrtype Sync="TRUE">String</attrtype><attwidth Sync="TRUE">12</attwidth><atprecis Sync="TRUE">0</atprecis><attscale Sync="TRUE">0</attscale></attr><attr><attrlabl Sync="TRUE">SB</attrlabl><attalias Sync="TRUE">SB</attalias><attrtype Sync="TRUE">String</attrtype><attwidth Sync="TRUE">12</attwidth><atprecis Sync="TRUE">0</atprecis><attscale Sync="TRUE">0</attscale></attr><attr><attrlabl Sync="TRUE">SC</attrlabl><attalias Sync="TRUE">SC</attalias><attrtype Sync="TRUE">String</attrtype><attwidth Sync="TRUE">12</attwidth><atprecis Sync="TRUE">0</atprecis><attscale Sync="TRUE">0</attscale></attr><attr><attrlabl Sync="TRUE">SS</attrlabl><attalias Sync="TRUE">SS</attalias><attrtype Sync="TRUE">String</attrtype><attwidth Sync="TRUE">12</attwidth><atprecis Sync="TRUE">0</atprecis><attscale Sync="TRUE">0</attscale></attr><attr><attrlabl Sync="TRUE">CITY_NAME</attrlabl><attalias Sync="TRUE">CITY_NAME</attalias><attrtype Sync="TRUE">String</attrtype><attwidth Sync="TRUE">50</attwidth><atprecis Sync="TRUE">0</atprecis><attscale Sync="TRUE">0</attscale></attr><attr><attrlabl Sync="TRUE">ISD_NAME</attrlabl><attalias Sync="TRUE">ISD_NAME</attalias><attrtype Sync="TRUE">String</attrtype><attwidth Sync="TRUE">50</attwidth><atprecis Sync="TRUE">0</atprecis><attscale Sync="TRUE">0</attscale></attr><attr><attrlabl Sync="TRUE">Shape_area</attrlabl><attalias Sync="TRUE">Shape_area</attalias><attrtype Sync="TRUE">Double</attrtype><attwidth Sync="TRUE">19</attwidth><atprecis Sync="TRUE">0</atprecis><attscale Sync="TRUE">0</attscale><attrdef Sync="TRUE">Area of feature in internal units squared.</attrdef><attrdefs Sync="TRUE">ESRI</attrdefs><attrdomv><udom Sync="TRUE">Positive real numbers that are automatically generated.</udom></attrdomv></attr><attr><attrlabl Sync="TRUE">Shape_len</attrlabl><attalias Sync="TRUE">Shape_len</attalias><attrtype Sync="TRUE">Double</attrtype><attwidth Sync="TRUE">19</attwidth><atprecis Sync="TRUE">0</atprecis><attscale Sync="TRUE">0</attscale></attr><attr><attrlabl Sync="TRUE">CITYNAME</attrlabl><attalias Sync="TRUE">CITYNAME</attalias><attrtype Sync="TRUE">String</attrtype><attwidth Sync="TRUE">50</attwidth><atprecis Sync="TRUE">0</atprecis><attscale Sync="TRUE">0</attscale></attr><attr><attrlabl Sync="TRUE">BALLOT</attrlabl><attalias Sync="TRUE">BALLOT</attalias><attrtype Sync="TRUE">String</attrtype><attwidth Sync="TRUE">5</attwidth><atprecis Sync="TRUE">0</atprecis><attscale Sync="TRUE">0</attscale></attr><attr><attrlabl Sync="TRUE">PCT_BALLOT</attrlabl><attalias Sync="TRUE">PCT_BALLOT</attalias><attrtype Sync="TRUE">String</attrtype><attwidth Sync="TRUE">20</attwidth><atprecis Sync="TRUE">0</atprecis><attscale Sync="TRUE">0</attscale></attr><attr><attrlabl Sync="TRUE">FID_MMD_20</attrlabl><attalias Sync="TRUE">FID_MMD_20</attalias><attrtype Sync="TRUE">Integer</attrtype><attwidth Sync="TRUE">9</attwidth><atprecis Sync="TRUE">9</atprecis><attscale Sync="TRUE">0</attscale></attr><attr><attrlabl Sync="TRUE">ADDRESS_PT</attrlabl><attalias Sync="TRUE">ADDRESS_PT</attalias><attrtype Sync="TRUE">String</attrtype><attwidth Sync="TRUE">5</attwidth><atprecis Sync="TRUE">0</atprecis><attscale Sync="TRUE">0</attscale></attr><attr><attrlabl Sync="TRUE">Quote</attrlabl><attalias Sync="TRUE">Quote</attalias><attrtype Sync="TRUE">Double</attrtype><attwidth Sync="TRUE">19</attwidth><atprecis Sync="TRUE">0</atprecis><attscale Sync="TRUE">0</attscale></attr><attr><attrlabl Sync="TRUE">FID_ADOPTE</attrlabl><attalias Sync="TRUE">FID_ADOPTE</attalias><attrtype Sync="TRUE">Integer</attrtype><attwidth Sync="TRUE">9</attwidth><atprecis Sync="TRUE">9</atprecis><attscale Sync="TRUE">0</attscale></attr><attr><attrlabl Sync="TRUE">OBJECTID</attrlabl><attalias Sync="TRUE">OBJECTID</attalias><attrtype Sync="TRUE">Double</attrtype><attwidth Sync="TRUE">10</attwidth><atprecis Sync="TRUE">10</atprecis><attscale Sync="TRUE">0</attscale></attr><attr><attrlabl Sync="TRUE">DISTRICT</attrlabl><attalias Sync="TRUE">DISTRICT</attalias><attrtype Sync="TRUE">Integer</attrtype><attwidth Sync="TRUE">5</attwidth><atprecis Sync="TRUE">5</atprecis><attscale Sync="TRUE">0</attscale></attr><attr><attrlabl Sync="TRUE">ACRES</attrlabl><attalias Sync="TRUE">ACRES</attalias><attrtype Sync="TRUE">Double</attrtype><attwidth Sync="TRUE">16</attwidth><atprecis Sync="TRUE">15</atprecis><attscale Sync="TRUE">2</attscale></attr><attr><attrlabl Sync="TRUE">LAST_UPDAT</attrlabl><attalias Sync="TRUE">LAST_UPDAT</attalias><attrtype Sync="TRUE">Date</attrtype><attwidth Sync="TRUE">8</attwidth><atprecis Sync="TRUE">0</atprecis><attscale Sync="TRUE">0</attscale></attr><attr><attrlabl Sync="TRUE">COUNCIL</attrlabl><attalias Sync="TRUE">COUNCIL</attalias><attrtype Sync="TRUE">String</attrtype><attwidth Sync="TRUE">30</attwidth><atprecis Sync="TRUE">0</atprecis><attscale Sync="TRUE">0</attscale></attr><attr><attrlabl Sync="TRUE">DOC_LINK</attrlabl><attalias Sync="TRUE">DOC_LINK</attalias><attrtype Sync="TRUE">String</attrtype><attwidth Sync="TRUE">30</attwidth><atprecis Sync="TRUE">0</atprecis><attscale Sync="TRUE">0</attscale></attr><attr><attrlabl Sync="TRUE">ASSETID</attrlabl><attalias Sync="TRUE">ASSETID</attalias><attrtype Sync="TRUE">String</attrtype><attwidth Sync="TRUE">25</attwidth><atprecis Sync="TRUE">0</atprecis><attscale Sync="TRUE">0</attscale></attr><attr><attrlabl Sync="TRUE">shape_ar_1</attrlabl><attalias Sync="TRUE">shape_ar_1</attalias><attrtype Sync="TRUE">Double</attrtype><attwidth Sync="TRUE">19</attwidth><atprecis Sync="TRUE">0</atprecis><attscale Sync="TRUE">0</attscale></attr><attr><attrlabl Sync="TRUE">shape_le_1</attrlabl><attalias Sync="TRUE">shape_le_1</attalias><attrtype Sync="TRUE">Double</attrtype><attwidth Sync="TRUE">19</attwidth><atprecis Sync="TRUE">0</atprecis><attscale Sync="TRUE">0</attscale></attr><attr><attrlabl Sync="TRUE">FID_Wilmer</attrlabl><attalias Sync="TRUE">FID_Wilmer</attalias><attrtype Sync="TRUE">Integer</attrtype><attwidth Sync="TRUE">9</attwidth><atprecis Sync="TRUE">9</atprecis><attscale Sync="TRUE">0</attscale></attr></detailed></eainfo><mdDateSt Sync="TRUE">20150821</mdDateSt></metadata>
