Jurisdiction Wide,,,,,,,,,
PCT 1,,,,,,,,,
Polling,2542,1,294,292,2,0,0,137,46.92%
Paper,2542,1,0,0,0,0,0,0,-
Mail,2542,1,75,75,0,0,0,45,60.00%
Early,2542,1,1257,1249,8,0,0,664,53.16%
Total,2542,4,1626,1616,10,0,0,846,52.35%
PCT 2,,,,,,,,,
Polling,3964,1,494,491,3,0,0,224,45.62%
Paper,3964,1,0,0,0,0,0,0,-
Mail,3964,1,85,85,0,0,0,40,47.06%
Early,3964,1,1743,1735,8,0,0,902,51.99%
Total,3964,4,2322,2311,11,0,0,1166,50.45%
PCT 3,,,,,,,,,
Polling,1973,1,227,226,1,0,0,40,17.70%
Paper,1973,1,0,0,0,0,0,0,-
Mail,1973,1,32,32,0,0,0,4,12.50%
Early,1973,1,553,547,6,0,0,118,21.57%
Total,1973,4,812,805,7,0,0,162,20.12%
PCT 4,,,,,,,,,
Polling,1030,1,115,114,1,0,0,77,67.54%
Paper,1030,1,0,0,0,0,0,0,-
Mail,1030,1,33,33,0,0,0,19,57.58%
Early,1030,1,571,569,2,0,0,425,74.69%
Total,1030,4,719,716,3,0,0,521,72.77%
PCT 5,,,,,,,,,
Polling,1019,1,94,94,0,0,0,43,45.74%
Paper,1019,1,0,0,0,0,0,0,-
Mail,1019,1,52,51,1,0,0,33,64.71%
Early,1019,1,576,575,1,0,0,405,70.43%
Total,1019,4,722,720,2,0,0,481,66.81%
PCT 6,,,,,,,,,
Polling,5296,1,645,643,2,0,0,314,48.83%
Paper,5296,1,0,0,0,0,0,0,-
Mail,5296,1,71,70,1,0,0,35,50.00%
Early,5296,1,2973,2959,14,0,0,1504,50.83%
Total,5296,4,3689,3672,17,0,0,1853,50.46%
PCT 7,,,,,,,,,
Polling,1466,1,157,155,2,0,0,84,54.19%
Paper,1466,1,0,0,0,0,0,0,-
Mail,1466,1,29,28,1,0,0,16,57.14%
Early,1466,1,728,725,3,0,0,392,54.07%
Total,1466,4,914,908,6,0,0,492,54.19%
PCT 8,,,,,,,,,
Polling,2595,1,401,401,0,0,0,274,68.33%
Paper,2595,1,0,0,0,0,0,0,-
Mail,2595,1,53,53,0,0,0,45,84.91%
Early,2595,1,1067,1063,4,0,0,817,76.86%
Total,2595,4,1521,1517,4,0,0,1136,74.88%
PCT 9,,,,,,,,,
Polling,5764,1,763,761,2,0,0,449,59.00%
Paper,5764,1,0,0,0,0,0,0,-
Mail,5764,1,79,78,1,0,0,50,64.10%
Early,5764,1,2603,2588,15,0,0,1757,67.89%
Total,5764,4,3445,3427,18,0,0,2256,65.83%
PCT 10,,,,,,,,,
Polling,639,1,94,94,0,0,0,76,80.85%
Paper,639,1,0,0,0,0,0,0,-
Mail,639,1,22,22,0,0,0,16,72.73%
Early,639,1,309,306,3,0,0,252,82.35%
Total,639,4,425,422,3,0,0,344,81.52%
PCT 11,,,,,,,,,
Polling,3301,1,585,582,3,0,0,423,72.68%
Paper,3301,1,0,0,0,0,0,0,-
Mail,3301,1,1660,1649,9,2,0,919,55.73%
Early,3301,1,1403,1394,9,0,0,1108,79.48%
Total,3301,4,3648,3625,21,2,0,2450,67.59%
PCT 12,,,,,,,,,
Polling,2073,1,193,191,2,0,0,116,60.73%
Paper,2073,1,0,0,0,0,0,0,-
Mail,2073,1,81,79,2,0,0,53,67.09%
Early,2073,1,1145,1139,6,0,0,770,67.60%
Total,2073,4,1419,1409,10,0,0,939,66.64%
PCT 13,,,,,,,,,
Polling,2609,1,329,327,2,0,0,238,72.78%
Paper,2609,1,0,0,0,0,0,0,-
Mail,2609,1,45,45,0,0,0,22,48.89%
Early,2609,1,1487,1483,4,0,0,1189,80.18%
Total,2609,4,1861,1855,6,0,0,1449,78.11%
PCT 14,,,,,,,,,
Polling,2596,1,306,302,4,0,0,124,41.06%
Paper,2596,1,0,0,0,0,0,0,-
Mail,2596,1,60,60,0,0,0,34,56.67%
Early,2596,1,1276,1268,8,0,0,501,39.51%
Total,2596,4,1642,1630,12,0,0,659,40.43%
PCT 15,,,,,,,,,
Polling,1599,1,161,160,1,0,0,62,38.75%
Paper,1599,1,0,0,0,0,0,0,-
Mail,1599,1,51,51,0,0,0,30,58.82%
Early,1599,1,716,714,2,0,0,355,49.72%
Total,1599,4,928,925,3,0,0,447,48.32%
PCT 16,,,,,,,,,
Polling,5749,1,735,730,5,0,0,492,67.40%
Paper,5749,1,0,0,0,0,0,0,-
Mail,5749,1,86,86,0,0,0,54,62.79%
Early,5749,1,3196,3177,19,0,0,2279,71.73%
Total,5749,4,4017,3993,24,0,0,2825,70.75%
PCT 17,,,,,,,,,
Polling,2586,1,327,325,2,0,0,202,62.15%
Paper,2586,1,0,0,0,0,0,0,-
Mail,2586,1,33,33,0,0,0,21,63.64%
Early,2586,1,1277,1274,3,0,0,806,63.27%
Total,2586,4,1637,1632,5,0,0,1029,63.05%
PCT 18,,,,,,,,,
Polling,774,1,101,99,2,0,0,67,67.68%
Paper,774,1,0,0,0,0,0,0,-
Mail,774,1,15,15,0,0,0,8,53.33%
Early,774,1,396,393,3,0,0,314,79.90%
Total,774,4,512,507,5,0,0,389,76.73%
PCT 19,,,,,,,,,
Polling,1609,1,122,122,0,0,0,63,51.64%
Paper,1609,1,0,0,0,0,0,0,-
Mail,1609,1,40,39,1,0,0,21,53.85%
Early,1609,1,1003,998,5,0,0,572,57.31%
Total,1609,4,1165,1159,6,0,0,656,56.60%
PCT 20,,,,,,,,,
Polling,822,1,195,192,3,0,0,140,72.92%
Paper,822,1,0,0,0,0,0,0,-
Mail,822,1,15,15,0,0,0,5,33.33%
Early,822,1,372,372,0,0,0,268,72.04%
Total,822,4,582,579,3,0,0,413,71.33%
PCT 21,,,,,,,,,
Polling,3987,1,457,456,1,0,0,210,46.05%
Paper,3987,1,0,0,0,0,0,0,-
Mail,3987,1,129,128,1,0,0,53,41.41%
Early,3987,1,2208,2193,15,0,0,1169,53.31%
Total,3987,4,2794,2777,17,0,0,1432,51.57%
PCT 22,,,,,,,,,
Polling,3096,1,402,401,1,0,0,295,73.57%
Paper,3096,1,0,0,0,0,0,0,-
Mail,3096,1,67,67,0,0,0,50,74.63%
Early,3096,1,1665,1649,16,0,0,1328,80.53%
Total,3096,4,2134,2117,17,0,0,1673,79.03%
PCT 23,,,,,,,,,
Polling,1833,1,296,295,1,0,0,54,18.31%
Paper,1833,1,0,0,0,0,0,0,-
Mail,1833,1,22,22,0,0,0,9,40.91%
Early,1833,1,713,711,2,0,0,209,29.40%
Total,1833,4,1031,1028,3,0,0,272,26.46%
PCT 24,,,,,,,,,
Polling,2334,1,316,314,2,0,0,84,26.75%
Paper,2334,1,0,0,0,0,0,0,-
Mail,2334,1,78,78,0,0,0,26,33.33%
Early,2334,1,971,968,3,0,0,305,31.51%
Total,2334,4,1365,1360,5,0,0,415,30.51%
PCT 25,,,,,,,,,
Polling,4782,1,463,461,2,0,0,210,45.55%
Paper,4782,1,0,0,0,0,0,0,-
Mail,4782,1,70,68,2,0,0,30,44.12%
Early,4782,1,2859,2832,27,0,0,1422,50.21%
Total,4782,4,3392,3361,31,0,0,1662,49.45%
PCT 26,,,,,,,,,
Polling,1471,1,190,189,1,0,0,82,43.39%
Paper,1471,1,0,0,0,0,0,0,-
Mail,1471,1,41,41,0,0,0,17,41.46%
Early,1471,1,693,690,3,0,0,402,58.26%
Total,1471,4,924,920,4,0,0,501,54.46%
PCT 27,,,,,,,,,
Polling,2534,1,250,250,0,0,0,129,51.60%
Paper,2534,1,0,0,0,0,0,0,-
Mail,2534,1,54,54,0,0,0,34,62.96%
Early,2534,1,1368,1363,5,0,0,814,59.72%
Total,2534,4,1672,1667,5,0,0,977,58.61%
PCT 28,,,,,,,,,
Polling,2483,1,259,258,1,0,0,92,35.66%
Paper,2483,1,0,0,0,0,0,0,-
Mail,2483,1,60,60,0,0,0,29,48.33%
Early,2483,1,1394,1384,10,0,0,721,52.10%
Total,2483,4,1713,1702,11,0,0,842,49.47%
PCT 29,,,,,,,,,
Polling,666,1,84,84,0,0,0,48,57.14%
Paper,666,1,0,0,0,0,0,0,-
Mail,666,1,11,11,0,0,0,8,72.73%
Early,666,1,455,454,1,0,0,318,70.04%
Total,666,4,550,549,1,0,0,374,68.12%
PCT 30,,,,,,,,,
Polling,5029,1,591,583,8,0,0,339,58.15%
Paper,5029,1,0,0,0,0,0,0,-
Mail,5029,1,105,105,0,0,0,53,50.48%
Early,5029,1,2637,2624,13,0,0,1521,57.96%
Total,5029,4,3333,3312,21,0,0,1913,57.76%
PCT 31,,,,,,,,,
Polling,2071,1,183,183,0,0,0,92,50.27%
Paper,2071,1,0,0,0,0,0,0,-
Mail,2071,1,56,54,2,0,0,20,37.04%
Early,2071,1,1302,1289,13,0,0,752,58.34%
Total,2071,4,1541,1526,15,0,0,864,56.62%
PCT 32,,,,,,,,,
Polling,2469,1,228,228,0,0,0,114,50.00%
Paper,2469,1,0,0,0,0,0,0,-
Mail,2469,1,77,76,1,0,0,35,46.05%
Early,2469,1,1452,1440,12,0,0,819,56.88%
Total,2469,4,1757,1744,13,0,0,968,55.50%
PCT 33,,,,,,,,,
Polling,3288,1,451,448,3,0,0,298,66.52%
Paper,3288,1,0,0,0,0,0,0,-
Mail,3288,1,55,55,0,0,0,46,83.64%
Early,3288,1,1731,1720,11,0,0,1270,73.84%
Total,3288,4,2237,2223,14,0,0,1614,72.60%
PCT 34,,,,,,,,,
Polling,3897,1,353,350,3,0,0,148,42.29%
Paper,3897,1,0,0,0,0,0,0,-
Mail,3897,1,107,107,0,0,0,38,35.51%
Early,3897,1,2256,2243,13,0,0,949,42.31%
Total,3897,4,2716,2700,16,0,0,1135,42.04%
PCT 35,,,,,,,,,
Polling,1257,1,191,190,1,0,0,151,79.47%
Paper,1257,1,0,0,0,0,0,0,-
Mail,1257,1,26,26,0,0,0,24,92.31%
Early,1257,1,637,634,3,0,0,517,81.55%
Total,1257,4,854,850,4,0,0,692,81.41%
PCT 36,,,,,,,,,
Polling,1976,1,182,180,2,0,0,114,63.33%
Paper,1976,1,0,0,0,0,0,0,-
Mail,1976,1,51,50,1,0,0,20,40.00%
Early,1976,1,1192,1183,9,0,0,704,59.51%
Total,1976,4,1425,1413,12,0,0,838,59.31%
PCT 37,,,,,,,,,
Polling,1758,1,465,462,3,0,0,392,84.85%
Paper,1758,1,0,0,0,0,0,0,-
Mail,1758,1,32,32,0,0,0,25,78.13%
Early,1758,1,658,655,3,0,0,541,82.60%
Total,1758,4,1155,1149,6,0,0,958,83.38%
PCT 38,,,,,,,,,
Polling,5241,1,629,625,4,0,0,324,51.84%
Paper,5241,1,0,0,0,0,0,0,-
Mail,5241,1,98,97,0,1,0,59,60.82%
Early,5241,1,2820,2809,11,0,0,1444,51.41%
Total,5241,4,3547,3531,15,1,0,1827,51.74%
PCT 39,,,,,,,,,
Polling,2941,1,374,369,5,0,0,157,42.55%
Paper,2941,1,0,0,0,0,0,0,-
Mail,2941,1,59,58,0,1,0,28,48.28%
Early,2941,1,1385,1376,9,0,0,631,45.86%
Total,2941,4,1818,1803,14,1,0,816,45.26%
PCT 40,,,,,,,,,
Polling,3479,1,309,308,1,0,0,161,52.27%
Paper,3479,1,0,0,0,0,0,0,-
Mail,3479,1,83,82,1,0,0,45,54.88%
Early,3479,1,1981,1968,13,0,0,1306,66.36%
Total,3479,4,2373,2358,15,0,0,1512,64.12%
PCT 41,,,,,,,,,
Polling,2555,1,363,359,4,0,0,247,68.80%
Paper,2555,1,0,0,0,0,0,0,-
Mail,2555,1,70,70,0,0,0,47,67.14%
Early,2555,1,1499,1493,6,0,0,1092,73.14%
Total,2555,4,1932,1922,10,0,0,1386,72.11%
PCT 42,,,,,,,,,
Polling,1258,1,365,363,2,0,0,270,74.38%
Paper,1258,1,0,0,0,0,0,0,-
Mail,1258,1,173,173,0,0,0,76,43.93%
Early,1258,1,505,502,3,0,0,385,76.69%
Total,1258,4,1043,1038,5,0,0,731,70.42%
PCT 43,,,,,,,,,
Polling,5014,1,620,615,5,0,0,318,51.71%
Paper,5014,1,0,0,0,0,0,0,-
Mail,5014,1,65,65,0,0,0,27,41.54%
Early,5014,1,2395,2386,9,0,0,1169,48.99%
Total,5014,4,3080,3066,14,0,0,1514,49.38%
PCT 44,,,,,,,,,
Polling,1465,1,175,174,1,0,0,69,39.66%
Paper,1465,1,0,0,0,0,0,0,-
Mail,1465,1,37,36,1,0,0,19,52.78%
Early,1465,1,549,544,5,0,0,279,51.29%
Total,1465,4,761,754,7,0,0,367,48.67%
PCT 45,,,,,,,,,
Polling,2308,1,259,259,0,0,0,149,57.53%
Paper,2308,1,0,0,0,0,0,0,-
Mail,2308,1,88,88,0,0,0,43,48.86%
Early,2308,1,1290,1285,5,0,0,801,62.33%
Total,2308,4,1637,1632,5,0,0,993,60.85%
PCT 46,,,,,,,,,
Polling,2871,1,325,325,0,0,0,101,31.08%
Paper,2871,1,0,0,0,0,0,0,-
Mail,2871,1,70,70,0,0,0,22,31.43%
Early,2871,1,1263,1252,11,0,0,523,41.77%
Total,2871,4,1658,1647,11,0,0,646,39.22%
PCT 47,,,,,,,,,
Polling,2502,1,311,306,5,0,0,135,44.12%
Paper,2502,1,0,0,0,0,0,0,-
Mail,2502,1,55,52,3,0,0,24,46.15%
Early,2502,1,1310,1299,11,0,0,669,51.50%
Total,2502,4,1676,1657,19,0,0,828,49.97%
PCT 48,,,,,,,,,
Polling,3074,1,452,448,4,0,0,213,47.54%
Paper,3074,1,0,0,0,0,0,0,-
Mail,3074,1,102,102,0,0,0,52,50.98%
Early,3074,1,1587,1578,9,0,0,810,51.33%
Total,3074,4,2141,2128,13,0,0,1075,50.52%
PCT 49,,,,,,,,,
Polling,2314,1,153,150,3,0,0,78,52.00%
Paper,2314,1,0,0,0,0,0,0,-
Mail,2314,1,185,183,2,0,0,107,58.47%
Early,2314,1,1313,1296,17,0,0,784,60.49%
Total,2314,4,1651,1629,22,0,0,969,59.48%
PCT 50,,,,,,,,,
Polling,2834,1,334,331,3,0,0,91,27.49%
Paper,2834,1,0,0,0,0,0,0,-
Mail,2834,1,40,39,1,0,0,12,30.77%
Early,2834,1,1145,1135,10,0,0,359,31.63%
Total,2834,4,1519,1505,14,0,0,462,30.70%
PCT 51,,,,,,,,,
Polling,1610,1,213,211,2,0,0,62,29.38%
Paper,1610,1,0,0,0,0,0,0,-
Mail,1610,1,19,19,0,0,0,4,21.05%
Early,1610,1,644,642,2,0,0,263,40.97%
Total,1610,4,876,872,4,0,0,329,37.73%
PCT 52,,,,,,,,,
Polling,3341,1,505,502,3,0,0,179,35.66%
Paper,3341,1,0,0,0,0,0,0,-
Mail,3341,1,39,39,0,0,0,12,30.77%
Early,3341,1,1503,1498,5,0,0,507,33.85%
Total,3341,4,2047,2039,8,0,0,698,34.23%
PCT 53,,,,,,,,,
Polling,2139,1,185,183,2,0,0,97,53.01%
Paper,2139,1,0,0,0,0,0,0,-
Mail,2139,1,89,86,3,0,0,43,50.00%
Early,2139,1,1292,1287,5,0,0,731,56.80%
Total,2139,4,1566,1556,10,0,0,871,55.98%
PCT 54,,,,,,,,,
Polling,3044,1,407,402,5,0,0,146,36.32%
Paper,3044,1,0,0,0,0,0,0,-
Mail,3044,1,56,56,0,0,0,29,51.79%
Early,3044,1,1331,1328,3,0,0,515,38.78%
Total,3044,4,1794,1786,8,0,0,690,38.63%
PCT 55,,,,,,,,,
Polling,2802,1,432,430,2,0,0,165,38.37%
Paper,2802,1,0,0,0,0,0,0,-
Mail,2802,1,103,101,2,0,0,41,40.59%
Early,2802,1,1249,1240,9,0,0,520,41.94%
Total,2802,4,1784,1771,13,0,0,726,40.99%
PCT 56,,,,,,,,,
Polling,6396,1,763,757,6,0,0,440,58.12%
Paper,6396,1,0,0,0,0,0,0,-
Mail,6396,1,108,104,2,2,0,60,57.69%
Early,6396,1,3474,3446,28,0,0,2198,63.78%
Total,6396,4,4345,4307,36,2,0,2698,62.64%
PCT 57,,,,,,,,,
Polling,4319,1,473,469,4,0,0,224,47.76%
Paper,4319,1,0,0,0,0,0,0,-
Mail,4319,1,92,91,1,0,0,55,60.44%
Early,4319,1,2180,2171,9,0,0,1214,55.92%
Total,4319,4,2745,2731,14,0,0,1493,54.67%
PCT 58,,,,,,,,,
Polling,3565,1,368,366,2,0,0,171,46.72%
Paper,3565,1,0,0,0,0,0,0,-
Mail,3565,1,143,142,1,0,0,63,44.37%
Early,3565,1,1721,1709,12,0,0,821,48.04%
Total,3565,4,2232,2217,15,0,0,1055,47.59%
PCT 59,,,,,,,,,
Polling,3806,1,419,417,2,0,0,210,50.36%
Paper,3806,1,0,0,0,0,0,0,-
Mail,3806,1,52,52,0,0,0,28,53.85%
Early,3806,1,2089,2077,12,0,0,1239,59.65%
Total,3806,4,2560,2546,14,0,0,1477,58.01%
PCT 60,,,,,,,,,
Polling,2031,1,201,201,0,0,0,153,76.12%
Paper,2031,1,0,0,0,0,0,0,-
Mail,2031,1,68,68,0,0,0,37,54.41%
Early,2031,1,1244,1230,14,0,0,851,69.19%
Total,2031,4,1513,1499,14,0,0,1041,69.45%
PCT 61,,,,,,,,,
Polling,1670,1,195,194,1,0,0,94,48.45%
Paper,1670,1,0,0,0,0,0,0,-
Mail,1670,1,52,51,1,0,0,25,49.02%
Early,1670,1,940,936,4,0,0,572,61.11%
Total,1670,4,1187,1181,6,0,0,691,58.51%
PCT 62,,,,,,,,,
Polling,2504,1,332,329,3,0,0,135,41.03%
Paper,2504,1,0,0,0,0,0,0,-
Mail,2504,1,58,56,2,0,0,33,58.93%
Early,2504,1,1237,1232,5,0,0,589,47.81%
Total,2504,4,1627,1617,10,0,0,757,46.82%
PCT 63,,,,,,,,,
Polling,2026,1,183,181,2,0,0,101,55.80%
Paper,2026,1,0,0,0,0,0,0,-
Mail,2026,1,88,88,0,0,0,34,38.64%
Early,2026,1,1225,1212,13,0,0,730,60.23%
Total,2026,4,1496,1481,15,0,0,865,58.41%
PCT 64,,,,,,,,,
Polling,2704,1,291,288,3,0,0,117,40.63%
Paper,2704,1,0,0,0,0,0,0,-
Mail,2704,1,72,72,0,0,0,41,56.94%
Early,2704,1,1418,1408,10,0,0,666,47.30%
Total,2704,4,1781,1768,13,0,0,824,46.61%
PCT 65,,,,,,,,,
Polling,1218,1,94,94,0,0,0,43,45.74%
Paper,1218,1,0,0,0,0,0,0,-
Mail,1218,1,24,22,2,0,0,8,36.36%
Early,1218,1,673,669,4,0,0,385,57.55%
Total,1218,4,791,785,6,0,0,436,55.54%
PCT 66,,,,,,,,,
Polling,2025,1,250,248,2,0,0,111,44.76%
Paper,2025,1,0,0,0,0,0,0,-
Mail,2025,1,41,39,2,0,0,23,58.97%
Early,2025,1,1026,1018,8,0,0,529,51.96%
Total,2025,4,1317,1305,12,0,0,663,50.80%
PCT 67,,,,,,,,,
Polling,2178,1,213,211,2,0,0,100,47.39%
Paper,2178,1,0,0,0,0,0,0,-
Mail,2178,1,75,74,0,1,0,42,56.76%
Early,2178,1,1232,1225,7,0,0,632,51.59%
Total,2178,4,1520,1510,9,1,0,774,51.26%
PCT 68,,,,,,,,,
Polling,1941,1,217,216,1,0,0,80,37.04%
Paper,1941,1,0,0,0,0,0,0,-
Mail,1941,1,56,56,0,0,0,34,60.71%
Early,1941,1,930,920,10,0,0,486,52.83%
Total,1941,4,1203,1192,11,0,0,600,50.34%
PCT 69,,,,,,,,,
Polling,3742,1,266,266,0,0,0,128,48.12%
Paper,3742,1,0,0,0,0,0,0,-
Mail,3742,1,116,113,3,0,0,51,45.13%
Early,3742,1,2234,2226,8,0,0,1198,53.82%
Total,3742,4,2616,2605,11,0,0,1377,52.86%
PCT 70,,,,,,,,,
Polling,1890,1,191,190,1,0,0,106,55.79%
Paper,1890,1,0,0,0,0,0,0,-
Mail,1890,1,47,46,1,0,0,23,50.00%
Early,1890,1,1098,1093,5,0,0,660,60.38%
Total,1890,4,1336,1329,7,0,0,789,59.37%
PCT 71,,,,,,,,,
Polling,1729,1,121,120,1,0,0,52,43.33%
Paper,1729,1,0,0,0,0,0,0,-
Mail,1729,1,44,44,0,0,0,27,61.36%
Early,1729,1,1049,1039,10,0,0,563,54.19%
Total,1729,4,1214,1203,11,0,0,642,53.37%
PCT 72,,,,,,,,,
Polling,1546,1,182,179,3,0,0,82,45.81%
Paper,1546,1,0,0,0,0,0,0,-
Mail,1546,1,58,57,1,0,0,35,61.40%
Early,1546,1,814,810,4,0,0,451,55.68%
Total,1546,4,1054,1046,8,0,0,568,54.30%
PCT 73,,,,,,,,,
Polling,1739,1,182,182,0,0,0,65,35.71%
Paper,1739,1,0,0,0,0,0,0,-
Mail,1739,1,32,31,1,0,0,7,22.58%
Early,1739,1,848,843,5,0,0,315,37.37%
Total,1739,4,1062,1056,6,0,0,387,36.65%
PCT 74,,,,,,,,,
Polling,1787,1,163,163,0,0,0,68,41.72%
Paper,1787,1,0,0,0,0,0,0,-
Mail,1787,1,35,35,0,0,0,21,60.00%
Early,1787,1,950,943,7,0,0,474,50.27%
Total,1787,4,1148,1141,7,0,0,563,49.34%
PCT 75,,,,,,,,,
Polling,1880,1,184,181,3,0,0,105,58.01%
Paper,1880,1,0,0,0,0,0,0,-
Mail,1880,1,145,145,0,0,0,69,47.59%
Early,1880,1,1032,1024,8,0,0,653,63.77%
Total,1880,4,1361,1350,11,0,0,827,61.26%
PCT 76,,,,,,,,,
Polling,3233,1,271,269,2,0,0,108,40.15%
Paper,3233,1,0,0,0,0,0,0,-
Mail,3233,1,92,92,0,0,0,35,38.04%
Early,3233,1,1906,1894,12,0,0,1076,56.81%
Total,3233,4,2269,2255,14,0,0,1219,54.06%
PCT 77,,,,,,,,,
Polling,3587,1,349,348,1,0,0,144,41.38%
Paper,3587,1,0,0,0,0,0,0,-
Mail,3587,1,87,85,2,0,0,38,44.71%
Early,3587,1,1827,1819,8,0,0,830,45.63%
Total,3587,4,2263,2252,11,0,0,1012,44.94%
PCT 78,,,,,,,,,
Polling,2158,1,265,265,0,0,0,132,49.81%
Paper,2158,1,0,0,0,0,0,0,-
Mail,2158,1,73,73,0,0,0,41,56.16%
Early,2158,1,1174,1165,9,0,0,599,51.42%
Total,2158,4,1512,1503,9,0,0,772,51.36%
PCT 79,,,,,,,,,
Polling,2597,1,255,252,3,0,0,106,42.06%
Paper,2597,1,0,0,0,0,0,0,-
Mail,2597,1,60,60,0,0,0,22,36.67%
Early,2597,1,1229,1219,10,0,0,630,51.68%
Total,2597,4,1544,1531,13,0,0,758,49.51%
PCT 80,,,,,,,,,
Polling,3498,1,380,378,2,0,0,172,45.50%
Paper,3498,1,0,0,0,0,0,0,-
Mail,3498,1,64,64,0,0,0,29,45.31%
Early,3498,1,1873,1865,8,0,0,1007,53.99%
Total,3498,4,2317,2307,10,0,0,1208,52.36%
PCT 81,,,,,,,,,
Polling,2819,1,261,258,3,0,0,101,39.15%
Paper,2819,1,0,0,0,0,0,0,-
Mail,2819,1,60,60,0,0,0,13,21.67%
Early,2819,1,1508,1499,9,0,0,688,45.90%
Total,2819,4,1829,1817,12,0,0,802,44.14%
PCT 82,,,,,,,,,
Polling,2590,1,314,310,4,0,0,155,50.00%
Paper,2590,1,0,0,0,0,0,0,-
Mail,2590,1,118,117,1,0,0,73,62.39%
Early,2590,1,1194,1189,5,0,0,636,53.49%
Total,2590,4,1626,1616,10,0,0,864,53.47%
PCT 83,,,,,,,,,
Polling,4538,1,502,500,2,0,0,302,60.40%
Paper,4538,1,0,0,0,0,0,0,-
Mail,4538,1,89,88,1,0,0,48,54.55%
Early,4538,1,2287,2278,9,0,0,1533,67.30%
Total,4538,4,2878,2866,12,0,0,1883,65.70%
PCT 84,,,,,,,,,
Polling,2339,1,314,310,4,0,0,149,48.06%
Paper,2339,1,0,0,0,0,0,0,-
Mail,2339,1,56,56,0,0,0,26,46.43%
Early,2339,1,1194,1184,10,0,0,613,51.77%
Total,2339,4,1564,1550,14,0,0,788,50.84%
PCT 85,,,,,,,,,
Polling,3077,1,320,320,0,0,0,146,45.63%
Paper,3077,1,0,0,0,0,0,0,-
Mail,3077,1,80,78,1,1,0,34,43.59%
Early,3077,1,1551,1545,6,0,0,721,46.67%
Total,3077,4,1951,1943,7,1,0,901,46.37%
PCT 86,,,,,,,,,
Polling,2760,1,246,241,5,0,0,122,50.62%
Paper,2760,1,0,0,0,0,0,0,-
Mail,2760,1,76,75,1,0,0,41,54.67%
Early,2760,1,1563,1554,9,0,0,826,53.15%
Total,2760,4,1885,1870,15,0,0,989,52.89%
PCT 87,,,,,,,,,
Polling,4791,1,723,720,3,0,0,336,46.67%
Paper,4791,1,0,0,0,0,0,0,-
Mail,4791,1,73,72,1,0,0,32,44.44%
Early,4791,1,2812,2801,11,0,0,1320,47.13%
Total,4791,4,3608,3593,15,0,0,1688,46.98%
PCT 88,,,,,,,,,
Polling,2382,1,319,318,1,0,0,88,27.67%
Paper,2382,1,0,0,0,0,0,0,-
Mail,2382,1,26,26,0,0,0,12,46.15%
Early,2382,1,912,904,8,0,0,270,29.87%
Total,2382,4,1257,1248,9,0,0,370,29.65%
PCT 89,,,,,,,,,
Polling,4938,1,438,436,2,0,0,198,45.41%
Paper,4938,1,0,0,0,0,0,0,-
Mail,4938,1,110,108,2,0,0,40,37.04%
Early,4938,1,2718,2706,12,0,0,1311,48.45%
Total,4938,4,3266,3250,16,0,0,1549,47.66%
PCT 90,,,,,,,,,
Polling,3133,1,285,281,4,0,0,152,54.09%
Paper,3133,1,0,0,0,0,0,0,-
Mail,3133,1,100,100,0,0,0,49,49.00%
Early,3133,1,1786,1780,6,0,0,1154,64.83%
Total,3133,4,2171,2161,10,0,0,1355,62.70%
PCT 91,,,,,,,,,
Polling,2270,1,213,211,2,0,0,108,51.18%
Paper,2270,1,0,0,0,0,0,0,-
Mail,2270,1,60,60,0,0,0,27,45.00%
Early,2270,1,1236,1229,7,0,0,620,50.45%
Total,2270,4,1509,1500,9,0,0,755,50.33%
PCT 92,,,,,,,,,
Polling,3174,1,361,360,1,0,0,154,42.78%
Paper,3174,1,0,0,0,0,0,0,-
Mail,3174,1,155,155,0,0,0,89,57.42%
Early,3174,1,1368,1361,7,0,0,698,51.29%
Total,3174,4,1884,1876,8,0,0,941,50.16%
PCT 93,,,,,,,,,
Polling,237,1,44,44,0,0,0,37,84.09%
Paper,237,1,0,0,0,0,0,0,-
Mail,237,1,8,8,0,0,0,4,50.00%
Early,237,1,112,109,3,0,0,86,78.90%
Total,237,4,164,161,3,0,0,127,78.88%
PCT 94,,,,,,,,,
Polling,3607,1,405,400,5,0,0,175,43.75%
Paper,3607,1,0,0,0,0,0,0,-
Mail,3607,1,90,89,1,0,0,36,40.45%
Early,3607,1,2097,2086,11,0,0,914,43.82%
Total,3607,4,2592,2575,17,0,0,1125,43.69%
PCT 95,,,,,,,,,
Polling,2890,1,320,315,5,0,0,142,45.08%
Paper,2890,1,0,0,0,0,0,0,-
Mail,2890,1,54,53,1,0,0,27,50.94%
Early,2890,1,1621,1614,7,0,0,781,48.39%
Total,2890,4,1995,1982,13,0,0,950,47.93%
PCT 96,,,,,,,,,
Polling,1693,1,142,140,2,0,0,62,44.29%
Paper,1693,1,0,0,0,0,0,0,-
Mail,1693,1,8,8,0,0,0,2,25.00%
Early,1693,1,471,470,1,0,0,246,52.34%
Total,1693,4,621,618,3,0,0,310,50.16%
PCT 97,,,,,,,,,
Polling,1346,1,148,148,0,0,0,95,64.19%
Paper,1346,1,0,0,0,0,0,0,-
Mail,1346,1,30,30,0,0,0,17,56.67%
Early,1346,1,829,821,8,0,0,587,71.50%
Total,1346,4,1007,999,8,0,0,699,69.97%
PCT 98,,,,,,,,,
Polling,1067,1,70,68,2,0,0,41,60.29%
Paper,1067,1,0,0,0,0,0,0,-
Mail,1067,1,155,155,0,0,0,92,59.35%
Early,1067,1,489,479,10,0,0,322,67.22%
Total,1067,4,714,702,12,0,0,455,64.81%
PCT 99,,,,,,,,,
Polling,296,1,43,43,0,0,0,13,30.23%
Paper,296,1,0,0,0,0,0,0,-
Mail,296,1,16,16,0,0,0,11,68.75%
Early,296,1,122,121,1,0,0,63,52.07%
Total,296,4,181,180,1,0,0,87,48.33%
PCT 100,,,,,,,,,
Polling,25,1,1,0,1,0,0,0,-
Paper,25,1,0,0,0,0,0,0,-
Mail,25,1,0,0,0,0,0,0,-
Early,25,1,15,15,0,0,0,9,60.00%
Total,25,4,16,15,1,0,0,9,60.00%
PCT 101,,,,,,,,,
Polling,2954,1,363,361,2,0,0,207,57.34%
Paper,2954,1,0,0,0,0,0,0,-
Mail,2954,1,52,52,0,0,0,18,34.62%
Early,2954,1,1655,1645,10,0,0,927,56.35%
Total,2954,4,2070,2058,12,0,0,1152,55.98%
PCT 102,,,,,,,,,
Polling,2512,1,330,327,3,0,0,204,62.39%
Paper,2512,1,0,0,0,0,0,0,-
Mail,2512,1,95,95,0,0,0,55,57.89%
Early,2512,1,1437,1428,9,0,0,974,68.21%
Total,2512,4,1862,1850,12,0,0,1233,66.65%
PCT 103,,,,,,,,,
Polling,1287,1,176,175,1,0,0,71,40.57%
Paper,1287,1,0,0,0,0,0,0,-
Mail,1287,1,34,33,0,1,0,17,51.52%
Early,1287,1,515,512,3,0,0,211,41.21%
Total,1287,4,725,720,4,1,0,299,41.53%
PCT 104,,,,,,,,,
Polling,2734,1,351,349,2,0,0,82,23.50%
Paper,2734,1,0,0,0,0,0,0,-
Mail,2734,1,33,33,0,0,0,10,30.30%
Early,2734,1,1031,1025,6,0,0,294,28.68%
Total,2734,4,1415,1407,8,0,0,386,27.43%
PCT 105,,,,,,,,,
Polling,1158,1,105,103,2,0,0,51,49.51%
Paper,1158,1,0,0,0,0,0,0,-
Mail,1158,1,41,41,0,0,0,14,34.15%
Early,1158,1,618,611,7,0,0,358,58.59%
Total,1158,4,764,755,9,0,0,423,56.03%
PCT 106,,,,,,,,,
Polling,1938,1,205,204,1,0,0,99,48.53%
Paper,1938,1,0,0,0,0,0,0,-
Mail,1938,1,37,37,0,0,0,17,45.95%
Early,1938,1,1069,1063,6,0,0,567,53.34%
Total,1938,4,1311,1304,7,0,0,683,52.38%
PCT 107,,,,,,,,,
Polling,3305,1,250,248,2,0,0,112,45.16%
Paper,3305,1,0,0,0,0,0,0,-
Mail,3305,1,83,82,1,0,0,35,42.68%
Early,3305,1,1969,1955,14,0,0,953,48.75%
Total,3305,4,2302,2285,17,0,0,1100,48.14%
PCT 108,,,,,,,,,
Polling,2921,1,269,266,3,0,0,126,47.37%
Paper,2921,1,0,0,0,0,0,0,-
Mail,2921,1,72,71,1,0,0,24,33.80%
Early,2921,1,1609,1603,6,0,0,693,43.23%
Total,2921,4,1950,1940,10,0,0,843,43.45%
PCT 109,,,,,,,,,
Polling,3265,1,253,253,0,0,0,135,53.36%
Paper,3265,1,0,0,0,0,0,0,-
Mail,3265,1,66,66,0,0,0,27,40.91%
Early,3265,1,1956,1945,11,0,0,1092,56.14%
Total,3265,4,2275,2264,11,0,0,1254,55.39%
PCT 110,,,,,,,,,
Polling,2704,1,218,216,2,0,0,94,43.52%
Paper,2704,1,0,0,0,0,0,0,-
Mail,2704,1,97,96,1,0,0,61,63.54%
Early,2704,1,1493,1483,10,0,0,789,53.20%
Total,2704,4,1808,1795,13,0,0,944,52.59%
PCT 111,,,,,,,,,
Polling,4442,1,525,515,10,0,0,275,53.40%
Paper,4442,1,0,0,0,0,0,0,-
Mail,4442,1,100,98,2,0,0,56,57.14%
Early,4442,1,2345,2332,13,0,0,1448,62.09%
Total,4442,4,2970,2945,25,0,0,1779,60.41%
PCT 112,,,,,,,,,
Polling,2827,1,203,203,0,0,0,83,40.89%
Paper,2827,1,0,0,0,0,0,0,-
Mail,2827,1,106,105,1,0,0,41,39.05%
Early,2827,1,1659,1648,11,0,0,829,50.30%
Total,2827,4,1968,1956,12,0,0,953,48.72%
PCT 113,,,,,,,,,
Polling,3242,1,390,388,2,0,0,179,46.13%
Paper,3242,1,0,0,0,0,0,0,-
Mail,3242,1,50,50,0,0,0,23,46.00%
Early,3242,1,1567,1565,2,0,0,831,53.10%
Total,3242,4,2007,2003,4,0,0,1033,51.57%
PCT 114,,,,,,,,,
Polling,1302,1,270,269,1,0,0,194,72.12%
Paper,1302,1,0,0,0,0,0,0,-
Mail,1302,1,35,35,0,0,0,22,62.86%
Early,1302,1,647,641,6,0,0,484,75.51%
Total,1302,4,952,945,7,0,0,700,74.07%
PCT 115,,,,,,,,,
Polling,2853,1,283,277,6,0,0,106,38.27%
Paper,2853,1,0,0,0,0,0,0,-
Mail,2853,1,90,89,1,0,0,35,39.33%
Early,2853,1,1598,1585,13,0,0,785,49.53%
Total,2853,4,1971,1951,20,0,0,926,47.46%
PCT 116,,,,,,,,,
Polling,4347,1,392,386,6,0,0,195,50.52%
Paper,4347,1,0,0,0,0,0,0,-
Mail,4347,1,141,138,3,0,0,52,37.68%
Early,4347,1,2552,2543,9,0,0,1426,56.08%
Total,4347,4,3085,3067,18,0,0,1673,54.55%
PCT 117,,,,,,,,,
Polling,4227,1,425,423,2,0,0,210,49.65%
Paper,4227,1,0,0,0,0,0,0,-
Mail,4227,1,85,83,2,0,0,33,39.76%
Early,4227,1,2159,2146,13,0,0,1096,51.07%
Total,4227,4,2669,2652,17,0,0,1339,50.49%
PCT 118,,,,,,,,,
Polling,4228,1,417,413,4,0,0,232,56.17%
Paper,4228,1,0,0,0,0,0,0,-
Mail,4228,1,96,95,1,0,0,62,65.26%
Early,4228,1,2329,2314,15,0,0,1424,61.54%
Total,4228,4,2842,2822,20,0,0,1718,60.88%
PCT 119,,,,,,,,,
Polling,5075,1,364,363,1,0,0,182,50.14%
Paper,5075,1,0,0,0,0,0,0,-
Mail,5075,1,127,127,0,0,0,57,44.88%
Early,5075,1,3123,3099,24,0,0,1661,53.60%
Total,5075,4,3614,3589,25,0,0,1900,52.94%
PCT 120,,,,,,,,,
Polling,6181,1,704,697,7,0,0,363,52.08%
Paper,6181,1,0,0,0,0,0,0,-
Mail,6181,1,139,139,0,0,0,70,50.36%
Early,6181,1,3618,3601,17,0,0,2006,55.71%
Total,6181,4,4461,4437,24,0,0,2439,54.97%
PCT 121,,,,,,,,,
Polling,2491,1,198,198,0,0,0,62,31.31%
Paper,2491,1,0,0,0,0,0,0,-
Mail,2491,1,66,66,0,0,0,22,33.33%
Early,2491,1,1462,1452,10,0,0,547,37.67%
Total,2491,4,1726,1716,10,0,0,631,36.77%
PCT 122,,,,,,,,,
Polling,4453,1,449,446,3,0,0,280,62.78%
Paper,4453,1,0,0,0,0,0,0,-
Mail,4453,1,132,130,2,0,0,87,66.92%
Early,4453,1,2664,2645,19,0,0,1769,66.88%
Total,4453,4,3245,3221,24,0,0,2136,66.31%
PCT 123,,,,,,,,,
Polling,2046,1,175,173,2,0,0,100,57.80%
Paper,2046,1,0,0,0,0,0,0,-
Mail,2046,1,53,53,0,0,0,34,64.15%
Early,2046,1,1181,1178,3,0,0,682,57.89%
Total,2046,4,1409,1404,5,0,0,816,58.12%
PCT 124,,,,,,,,,
Polling,3032,1,251,247,4,0,0,101,40.89%
Paper,3032,1,0,0,0,0,0,0,-
Mail,3032,1,197,196,1,0,0,112,57.14%
Early,3032,1,1476,1463,13,0,0,678,46.34%
Total,3032,4,1924,1906,18,0,0,891,46.75%
PCT 125,,,,,,,,,
Polling,4521,1,481,479,2,0,0,204,42.59%
Paper,4521,1,0,0,0,0,0,0,-
Mail,4521,1,122,122,0,0,0,57,46.72%
Early,4521,1,2466,2456,10,0,0,1048,42.67%
Total,4521,4,3069,3057,12,0,0,1309,42.82%
PCT 126,,,,,,,,,
Polling,4343,1,479,473,6,0,0,273,57.72%
Paper,4343,1,0,0,0,0,0,0,-
Mail,4343,1,73,73,0,0,0,35,47.95%
Early,4343,1,2316,2310,6,0,0,1228,53.16%
Total,4343,4,2868,2856,12,0,0,1536,53.78%
PCT 127,,,,,,,,,
Polling,3624,1,401,400,1,0,0,181,45.25%
Paper,3624,1,0,0,0,0,0,0,-
Mail,3624,1,75,75,0,0,0,41,54.67%
Early,3624,1,1877,1867,10,0,0,1005,53.83%
Total,3624,4,2353,2342,11,0,0,1227,52.39%
PCT 128,,,,,,,,,
Polling,4351,1,454,447,7,0,0,298,66.67%
Paper,4351,1,0,0,0,0,0,0,-
Mail,4351,1,100,100,0,0,0,64,64.00%
Early,4351,1,2723,2715,8,0,0,1987,73.19%
Total,4351,4,3277,3262,15,0,0,2349,72.01%
PCT 129,,,,,,,,,
Polling,3703,1,456,454,2,0,0,236,51.98%
Paper,3703,1,0,0,0,0,0,0,-
Mail,3703,1,82,81,1,0,0,43,53.09%
Early,3703,1,1889,1874,15,0,0,1134,60.51%
Total,3703,4,2427,2409,18,0,0,1413,58.66%
PCT 130,,,,,,,,,
Polling,5399,1,468,460,8,0,0,242,52.61%
Paper,5399,1,0,0,0,0,0,0,-
Mail,5399,1,120,119,1,0,0,49,41.18%
Early,5399,1,3222,3205,17,0,0,1600,49.92%
Total,5399,4,3810,3784,26,0,0,1891,49.97%
PCT 131,,,,,,,,,
Polling,5443,1,611,604,7,0,0,348,57.62%
Paper,5443,1,0,0,0,0,0,0,-
Mail,5443,1,128,123,5,0,0,71,57.72%
Early,5443,1,3070,3056,14,0,0,1951,63.84%
Total,5443,4,3809,3783,26,0,0,2370,62.65%
PCT 132,,,,,,,,,
Polling,2793,1,340,339,1,0,0,157,46.31%
Paper,2793,1,0,0,0,0,0,0,-
Mail,2793,1,86,84,2,0,0,29,34.52%
Early,2793,1,1460,1450,10,0,0,659,45.45%
Total,2793,4,1886,1873,13,0,0,845,45.11%
PCT 133,,,,,,,,,
Polling,2439,1,265,263,2,0,0,120,45.63%
Paper,2439,1,0,0,0,0,0,0,-
Mail,2439,1,27,27,0,0,0,16,59.26%
Early,2439,1,1211,1204,7,0,0,700,58.14%
Total,2439,4,1503,1494,9,0,0,836,55.96%
PCT 134,,,,,,,,,
Polling,6359,1,745,736,9,0,0,342,46.47%
Paper,6359,1,0,0,0,0,0,0,-
Mail,6359,1,112,112,0,0,0,70,62.50%
Early,6359,1,3588,3580,8,0,0,1754,48.99%
Total,6359,4,4445,4428,17,0,0,2166,48.92%
PCT 135,,,,,,,,,
Polling,3826,1,486,483,3,0,0,224,46.38%
Paper,3826,1,0,0,0,0,0,0,-
Mail,3826,1,90,90,0,0,0,44,48.89%
Early,3826,1,1932,1922,10,0,0,898,46.72%
Total,3826,4,2508,2495,13,0,0,1166,46.73%
PCT 136,,,,,,,,,
Polling,1846,1,175,174,1,0,0,82,47.13%
Paper,1846,1,0,0,0,0,0,0,-
Mail,1846,1,61,61,0,0,0,36,59.02%
Early,1846,1,1072,1068,4,0,0,599,56.09%
Total,1846,4,1308,1303,5,0,0,717,55.03%
PCT 137,,,,,,,,,
Polling,1919,1,192,192,0,0,0,100,52.08%
Paper,1919,1,0,0,0,0,0,0,-
Mail,1919,1,63,62,1,0,0,33,53.23%
Early,1919,1,1031,1027,4,0,0,580,56.48%
Total,1919,4,1286,1281,5,0,0,713,55.66%
PCT 138,,,,,,,,,
Polling,1216,1,84,83,1,0,0,53,63.86%
Paper,1216,1,0,0,0,0,0,0,-
Mail,1216,1,40,40,0,0,0,28,70.00%
Early,1216,1,769,762,7,0,0,499,65.49%
Total,1216,4,893,885,8,0,0,580,65.54%
PCT 139,,,,,,,,,
Polling,4229,1,517,514,3,0,0,201,39.11%
Paper,4229,1,0,0,0,0,0,0,-
Mail,4229,1,97,97,0,0,0,54,55.67%
Early,4229,1,2127,2105,22,0,0,924,43.90%
Total,4229,4,2741,2716,25,0,0,1179,43.41%
PCT 140,,,,,,,,,
Polling,4498,1,497,495,2,0,0,325,65.66%
Paper,4498,1,0,0,0,0,0,0,-
Mail,4498,1,85,85,0,0,0,47,55.29%
Early,4498,1,2535,2518,17,0,0,1661,65.97%
Total,4498,4,3117,3098,19,0,0,2033 65.62%
PCT 141,,,,,,,,
Polling,2852,1,315,313,2,0,0,174 55.59%
Paper,2852,1,0,0,0,0,0,0 -
Mail,2852,1,69,69,0,0,0,37 53.62%
Early,2852,1,1648,1631,17,0,0,821 50.34%
Total,2852,4,2032,2013,19,0,0,1032 51.27%
PCT 142,,,,,,,,
Polling,2791,1,248,244,4,0,0,97 39.75%
Paper,2791,1,0,0,0,0,0,0 -
Mail,2791,1,109,107,2,0,0,31 28.97%
Early,2791,1,1596,1584,12,0,0,769 48.55%
Total,2791,4,1953,1935,18,0,0,897 46.36%
PCT 143,,,,,,,,
Polling,1754,1,183,182,1,0,0,101 55.49%
Paper,1754,1,0,0,0,0,0,0 -
Mail,1754,1,35,35,0,0,0,18 51.43%
Early,1754,1,1052,1035,17,0,0,654 63.19%
Total,1754,4,1270,1252,18,0,0,773 61.74%
PCT 144,,,,,,,,
Polling,2516,1,228,227,1,0,0,124 54.63%
Paper,2516,1,0,0,0,0,0,0 -
Mail,2516,1,64,64,0,0,0,40 62.50%
Early,2516,1,1402,1391,11,0,0,798 57.37%
Total,2516,4,1694,1682,12,0,0,962 57.19%
PCT 145,,,,,,,,
Polling,1521,1,183,183,0,0,0,81 44.26%
Paper,1521,1,0,0,0,0,0,0 -
Mail,1521,1,25,25,0,0,0,16 64.00%
Early,1521,1,866,862,4,0,0,403 46.75%
Total,1521,4,1074,1070,4,0,0,500 46.73%
PCT 146,,,,,,,,
Polling,4414,1,509,507,2,0,0,228 44.97%
Paper,4414,1,0,0,0,0,0,0 -
Mail,4414,1,83,83,0,0,0,54 65.06%
Early,4414,1,2299,2287,12,0,0,1141 49.89%
Total,4414,4,2891,2877,14,0,0,1423 49.46%
PCT 147,,,,,,,,
Polling,1731,1,213,213,0,0,0,109 51.17%
Paper,1731,1,0,0,0,0,0,0 -
Mail,1731,1,34,34,0,0,0,19 55.88%
Early,1731,1,879,870,9,0,0,470 54.02%
Total,1731,4,1126,1117,9,0,0,598 53.54%
PCT 148,,,,,,,,
Polling,0,1,2,2,0,0,0,2 100.00%
Paper,0,1,0,0,0,0,0,0 -
Mail,0,1,0,0,0,0,0,0 -
Early,0,1,6,6,0,0,0,4 66.67%
Total,0,4,8,8,0,0,0,6 75.00%
PCT 149,,,,,,,,
Polling,3650,1,419,412,7,0,0,224 54.37%
Paper,3650,1,0,0,0,0,0,0 -
Mail,3650,1,69,68,1,0,0,42 61.76%
Early,3650,1,2050,2039,11,0,0,1183 58.02%
Total,3650,4,2538,2519,19,0,0,1449 57.52%
PCT 150,,,,,,,,
Polling,479,1,65,64,1,0,0,39 60.94%
Paper,479,1,0,0,0,0,0,0 -
Mail,479,1,11,11,0,0,0,5 45.45%
Early,479,1,316,315,1,0,0,195 61.90%
Total,479,4,392,390,2,0,0,239 61.28%
PCT 151,,,,,,,,
Polling,1503,1,161,156,5,0,0,67 42.95%
Paper,1503,1,0,0,0,0,0,0 -
Mail,1503,1,32,32,0,0,0,11 34.38%
Early,1503,1,802,800,2,0,0,368 46.00%
Total,1503,4,995,988,7,0,0,446 45.14%
PCT 152,,,,,,,,
Polling,92,1,14,14,0,0,0,6 42.86%
Paper,92,1,0,0,0,0,0,0 -
Mail,92,1,0,0,0,0,0,0 -
Early,92,1,38,38,0,0,0,9 23.68%
Total,92,4,52,52,0,0,0,15 28.85%
PCT 153,,,,,,,,
Polling,3532,1,523,517,6,0,0,289 55.90%
Paper,3532,1,0,0,0,0,0,0 -
Mail,3532,1,64,63,1,0,0,39 61.90%
Early,3532,1,1962,1954,8,0,0,1076 55.07%
Total,3532,4,2549,2534,15,0,0,1404 55.41%
PCT 154,,,,,,,,
Polling,845,1,90,89,1,0,0,76 85.39%
Paper,845,1,0,0,0,0,0,0 -
Mail,845,1,14,14,0,0,0,12 85.71%
Early,845,1,481,480,1,0,0,407 84.79%
Total,845,4,585,583,2,0,0,495 84.91%
PCT 155,,,,,,,,
Polling,6530,1,780,773,7,0,0,469 60.67%
Paper,6530,1,0,0,0,0,0,0 -
Mail,6530,1,167,164,3,0,0,95 57.93%
Early,6530,1,3639,3617,22,0,0,2300 63.59%
Total,6530,4,4586,4554,32,0,0,2864 62.89%
PCT 156,,,,,,,,
Polling,3407,1,365,363,2,0,0,187 51.52%
Paper,3407,1,0,0,0,0,0,0 -
Mail,3407,1,71,69,2,0,0,37 53.62%
Early,3407,1,1835,1830,5,0,0,1026 56.07%
Total,3407,4,2271,2262,9,0,0,1250 55.26%
PCT 157,,,,,,,,
Polling,5501,1,580,576,4,0,0,277 48.09%
Paper,5501,1,0,0,0,0,0,0 -
Mail,5501,1,97,94,3,0,0,39 41.49%
Early,5501,1,3328,3315,13,0,0,1683 50.77%
Total,5501,4,4005,3985,20,0,0,1999 50.16%
PCT 158,,,,,,,,
Polling,2204,1,260,259,1,0,0,111 42.86%
Paper,2204,1,0,0,0,0,0,0 -
Mail,2204,1,38,38,0,0,0,13 34.21%
Early,2204,1,1226,1219,7,0,0,509 41.76%
Total,2204,4,1524,1516,8,0,0,633 41.75%
PCT 159,,,,,,,,
Polling,4679,1,507,501,6,0,0,203 40.52%
Paper,4679,1,0,0,0,0,0,0 -
Mail,4679,1,64,63,1,0,0,34 53.97%
Early,4679,1,2367,2352,15,0,0,1167 49.62%
Total,4679,4,2938,2916,22,0,0,1404 48.15%
PCT 160,,,,,,,,
Polling,280,1,81,81,0,0,0,67 82.72%
Paper,280,1,0,0,0,0,0,0 -
Mail,280,1,11,11,0,0,0,11 100.00%
Early,280,1,119,119,0,0,0,98 82.35%
Total,280,4,211,211,0,0,0,176,83.41%
PCT 161,,,,,,,,,
Polling,251,1,26,25,1,0,0,18,72.00%
Paper,251,1,0,0,0,0,0,0,-
Mail,251,1,7,7,0,0,0,3,42.86%
Early,251,1,130,127,3,0,0,89,70.08%
Total,251,4,163,159,4,0,0,110,69.18%
PCT 162,,,,,,,,,
Polling,224,1,22,22,0,0,0,17,77.27%
Paper,224,1,0,0,0,0,0,0,-
Mail,224,1,6,6,0,0,0,5,83.33%
Early,224,1,156,155,1,0,0,133,85.81%
Total,224,4,184,183,1,0,0,155,84.70%
PCT 163,,,,,,,,,
Polling,2371,1,263,261,2,0,0,138,52.87%
Paper,2371,1,0,0,0,0,0,0,-
Mail,2371,1,24,24,0,0,0,10,41.67%
Early,2371,1,1395,1391,4,0,0,773,55.57%
Total,2371,4,1682,1676,6,0,0,921,54.95%
PCT 164,,,,,,,,,
Polling,796,1,19,19,0,0,0,11,57.89%
Paper,796,1,0,0,0,0,0,0,-
Mail,796,1,300,294,6,0,0,175,59.52%
Early,796,1,324,317,7,0,0,208,65.62%
Total,796,4,643,630,13,0,0,394,62.54%
PCT 165,,,,,,,,,
Polling,854,1,77,76,1,0,0,43,56.58%
Paper,854,1,0,0,0,0,0,0,-
Mail,854,1,15,15,0,0,0,9,60.00%
Early,854,1,547,543,4,0,0,341,62.80%
Total,854,4,639,634,5,0,0,393,61.99%
PCT 166,,,,,,,,,
Polling,3330,1,358,352,6,0,0,164,46.59%
Paper,3330,1,0,0,0,0,0,0,-
Mail,3330,1,39,39,0,0,0,22,56.41%
Early,3330,1,1929,1903,26,0,0,976,51.29%
Total,3330,4,2326,2294,32,0,0,1162,50.65%
PCT 167,,,,,,,,,
Polling,4252,1,417,412,5,0,0,186,45.15%
Paper,4252,1,0,0,0,0,0,0,-
Mail,4252,1,64,64,0,0,0,24,37.50%
Early,4252,1,2413,2394,19,0,0,1007,42.06%
Total,4252,4,2894,2870,24,0,0,1217,42.40%
PCT 168,,,,,,,,,
Polling,1708,1,164,163,1,0,0,101,61.96%
Paper,1708,1,0,0,0,0,0,0,-
Mail,1708,1,40,40,0,0,0,24,60.00%
Early,1708,1,1009,1005,4,0,0,681,67.76%
Total,1708,4,1213,1208,5,0,0,806,66.72%
PCT 169,,,,,,,,,
Polling,2581,1,277,276,1,0,0,123,44.57%
Paper,2581,1,0,0,0,0,0,0,-
Mail,2581,1,45,43,2,0,0,26,60.47%
Early,2581,1,1505,1501,4,0,0,753,50.17%
Total,2581,4,1827,1820,7,0,0,902,49.56%
PCT 170,,,,,,,,,
Polling,1644,1,193,191,2,0,0,97,50.79%
Paper,1644,1,0,0,0,0,0,0,-
Mail,1644,1,25,25,0,0,0,19,76.00%
Early,1644,1,899,891,8,0,0,574,64.42%
Total,1644,4,1117,1107,10,0,0,690,62.33%
PCT 171,,,,,,,,,
Polling,5666,1,549,543,6,0,0,252,46.41%
Paper,5666,1,0,0,0,0,0,0,-
Mail,5666,1,120,120,0,0,0,71,59.17%
Early,5666,1,3315,3297,18,0,0,1786,54.17%
Total,5666,4,3984,3960,24,0,0,2109,53.26%
PCT 172,,,,,,,,,
Polling,2647,1,367,363,4,0,0,214,58.95%
Paper,2647,1,0,0,0,0,0,0,-
Mail,2647,1,31,31,0,0,0,17,54.84%
Early,2647,1,1310,1303,7,0,0,882,67.69%
Total,2647,4,1708,1697,11,0,0,1113,65.59%
PCT 173,,,,,,,,,
Polling,646,1,68,68,0,0,0,37,54.41%
Paper,646,1,0,0,0,0,0,0,-
Mail,646,1,26,26,0,0,0,14,53.85%
Early,646,1,359,356,3,0,0,240,67.42%
Total,646,4,453,450,3,0,0,291,64.67%
PCT 174,,,,,,,,,
Polling,3616,1,386,385,1,0,0,221,57.40%
Paper,3616,1,0,0,0,0,0,0,-
Mail,3616,1,45,45,0,0,0,24,53.33%
Early,3616,1,1921,1912,9,0,0,1135,59.36%
Total,3616,4,2352,2342,10,0,0,1380,58.92%
PCT 175,,,,,,,,,
Polling,1404,1,113,113,0,0,0,65,57.52%
Paper,1404,1,0,0,0,0,0,0,-
Mail,1404,1,26,25,1,0,0,22,88.00%
Early,1404,1,864,858,6,0,0,546,63.64%
Total,1404,4,1003,996,7,0,0,633,63.55%
PCT 176,,,,,,,,,
Polling,3578,1,504,499,5,0,0,211,42.28%
Paper,3578,1,0,0,0,0,0,0,-
Mail,3578,1,32,32,0,0,0,10,31.25%
Early,3578,1,1428,1427,1,0,0,598,41.91%
Total,3578,4,1964,1958,6,0,0,819,41.83%
PCT 177,,,,,,,,,
Polling,4025,1,487,485,2,0,0,255,52.58%
Paper,4025,1,0,0,0,0,0,0,-
Mail,4025,1,89,88,1,0,0,50,56.82%
Early,4025,1,1854,1848,6,0,0,1077,58.28%
Total,4025,4,2430,2421,9,0,0,1382,57.08%
PCT 178,,,,,,,,,
Polling,6766,1,688,683,5,0,0,485,71.01%
Paper,6766,1,0,0,0,0,0,0,-
Mail,6766,1,107,107,0,0,0,67,62.62%
Early,6766,1,4027,4013,14,0,0,2975,74.13%
Total,6766,4,4822,4803,19,0,0,3527,73.43%
PCT 179,,,,,,,,,
Polling,4464,1,336,333,3,0,0,216,64.86%
Paper,4464,1,0,0,0,0,0,0,-
Mail,4464,1,336,332,4,0,0,209,62.95%
Early,4464,1,2829,2805,24,0,0,2077,74.05%
Total,4464,4,3501,3470,31,0,0,2502,72.10%
PCT 180,,,,,,,,,
Polling,585,1,75,74,1,0,0,47,63.51%
Paper,585,1,0,0,0,0,0,0,-
Mail,585,1,4,4,0,0,0,2,50.00%
Early,585,1,290,290,0,0,0,195,67.24%
Total,585,4,369,368,1,0,0,244 66.30%
PCT 181,,,,,,,,
Polling,1295,1,141,141,0,0,0,89 63.12%
Paper,1295,1,0,0,0,0,0,0 -
Mail,1295,1,20,20,0,0,0,12 60.00%
Early,1295,1,695,694,1,0,0,489 70.46%
Total,1295,4,856,855,1,0,0,590 69.01%
PCT 182,,,,,,,,
Polling,0,1,0,0,0,0,0,0 -
Paper,0,1,0,0,0,0,0,0 -
Mail,0,1,0,0,0,0,0,0 -
Early,0,1,1,1,0,0,0,1 100.00%
Total,0,4,1,1,0,0,0,1 100.00%
PCT 183,,,,,,,,
Polling,96,1,9,9,0,0,0,9 100.00%
Paper,96,1,0,0,0,0,0,0 -
Mail,96,1,6,6,0,0,0,6 100.00%
Early,96,1,47,47,0,0,0,37 78.72%
Total,96,4,62,62,0,0,0,52 83.87%
PCT 184,,,,,,,,
Polling,0,1,0,0,0,0,0,0 -
Paper,0,1,0,0,0,0,0,0 -
Mail,0,1,0,0,0,0,0,0 -
Early,0,1,1,1,0,0,0,0 0.00%
Total,0,4,1,1,0,0,0,0 0.00%
PCT 185,,,,,,,,
Polling,43,1,7,7,0,0,0,4 57.14%
Paper,43,1,0,0,0,0,0,0 -
Mail,43,1,2,2,0,0,0,2 100.00%
Early,43,1,24,24,0,0,0,17 70.83%
Total,43,4,33,33,0,0,0,23 69.70%
PCT 186,,,,,,,,
Polling,106,1,30,29,1,0,0,26 89.66%
Paper,106,1,0,0,0,0,0,0 -
Mail,106,1,2,2,0,0,0,1 50.00%
Early,106,1,38,38,0,0,0,32 84.21%
Total,106,4,70,69,1,0,0,59 85.51%
PCT 187,,,,,,,,
Polling,446,1,101,101,0,0,0,79 78.22%
Paper,446,1,0,0,0,0,0,0 -
Mail,446,1,16,16,0,0,0,13 81.25%
Early,446,1,182,182,0,0,0,162 89.01%
Total,446,4,299,299,0,0,0,254 84.95%
PCT 188,,,,,,,,
Polling,56,1,7,7,0,0,0,6 85.71%
Paper,56,1,0,0,0,0,0,0 -
Mail,56,1,0,0,0,0,0,0 -
Early,56,1,34,33,1,0,0,30 90.91%
Total,56,4,41,40,1,0,0,36 90.00%
PCT 189,,,,,,,,
Polling,719,1,115,115,0,0,0,89 77.39%
Paper,719,1,0,0,0,0,0,0 -
Mail,719,1,12,12,0,0,0,8 66.67%
Early,719,1,343,339,4,0,0,285 84.07%
Total,719,4,470,466,4,0,0,382 81.97%
PCT 190,,,,,,,,
Polling,86,1,18,18,0,0,0,11 61.11%
Paper,86,1,0,0,0,0,0,0 -
Mail,86,1,2,2,0,0,0,2 100.00%
Early,86,1,35,35,0,0,0,29 82.86%
Total,86,4,55,55,0,0,0,42 76.36%
PCT 191,,,,,,,,
Polling,422,1,59,59,0,0,0,47 79.66%
Paper,422,1,0,0,0,0,0,0 -
Mail,422,1,2,2,0,0,0,1 50.00%
Early,422,1,188,186,2,0,0,152 81.72%
Total,422,4,249,247,2,0,0,200 80.97%
PCT 192,,,,,,,,
Polling,1438,1,306,304,2,0,0,240 78.95%
Paper,1438,1,0,0,0,0,0,0 -
Mail,1438,1,13,13,0,0,0,9 69.23%
Early,1438,1,615,613,2,0,0,502 81.89%
Total,1438,4,934,930,4,0,0,751 80.75%
PCT 193,,,,,,,,
Polling,827,1,118,117,1,0,0,93 79.49%
Paper,827,1,0,0,0,0,0,0 -
Mail,827,1,12,12,0,0,0,10 83.33%
Early,827,1,396,391,5,0,0,315 80.56%
Total,827,4,526,520,6,0,0,418 80.38%
PCT 194,,,,,,,,
Polling,25,1,2,2,0,0,0,2 100.00%
Paper,25,1,0,0,0,0,0,0 -
Mail,25,1,1,1,0,0,0,1 100.00%
Early,25,1,18,18,0,0,0,10 55.56%
Total,25,4,21,21,0,0,0,13 61.90%
PCT 195,,,,,,,,
Polling,826,1,63,63,0,0,0,41 65.08%
Paper,826,1,0,0,0,0,0,0 -
Mail,826,1,17,17,0,0,0,14 82.35%
Early,826,1,506,501,5,0,0,398 79.44%
Total,826,4,586,581,5,0,0,453 77.97%
PCT 196,,,,,,,,
Polling,1567,1,169,168,1,0,0,81 48.21%
Paper,1567,1,0,0,0,0,0,0 -
Mail,1567,1,24,24,0,0,0,16 66.67%
Early,1567,1,930,924,6,0,0,536 58.01%
Total,1567,4,1123,1116,7,0,0,633 56.72%
PCT 197,,,,,,,,
Polling,1203,1,146,143,3,0,0,52 36.36%
Paper,1203,1,0,0,0,0,0,0 -
Mail,1203,1,28,26,0,2,0,13 50.00%
Early,1203,1,642,636,6,0,0,268 42.14%
Total,1203,4,816,805,9,2,0,333 41.37%
PCT 198,,,,,,,,
Polling,106,1,12,12,0,0,0,11 91.67%
Paper,106,1,0,0,0,0,0,0 -
Mail,106,1,2,2,0,0,0,1 50.00%
Early,106,1,69,67,2,0,0,54 80.60%
Total,106,4,83,81,2,0,0,66 81.48%
PCT 199,,,,,,,,
Polling,980,1,108,107,1,0,0,82 76.64%
Paper,980,1,0,0,0,0,0,0 -
Mail,980,1,11,11,0,0,0,4 36.36%
Early,980,1,639,639,0,0,0,483 75.59%
Total,980,4,758,757,1,0,0,569 75.17%
PCT 200,,,,,,,,
Polling,0,1,0,0,0,0,0,0 -
Paper,0,1,0,0,0,0,0,0 -
Mail,0,1,0,0,0,0,0,0 -
Early,0,1,0,0,0,0,0,0 -
Total,0,4,0,0,0,0,0,0 -
PCT 201,,,,,,,,
Polling,0,1,0,0,0,0,0,0 -
Paper,0,1,0,0,0,0,0,0 -
Mail,0,1,0,0,0,0,0,0 -
Early,0,1,2,2,0,0,0,0 0.00%
Total,0,4,2,2,0,0,0,0 0.00%
PCT 202,,,,,,,,
Polling,0,1,1,1,0,0,0,1 100.00%
Paper,0,1,0,0,0,0,0,0 -
Mail,0,1,0,0,0,0,0,0 -
Early,0,1,4,4,0,0,0,3 75.00%
Total,0,4,5,5,0,0,0,4 80.00%
PCT 203,,,,,,,,
Polling,3037,1,292,288,4,0,0,176 61.11%
Paper,3037,1,0,0,0,0,0,0 -
Mail,3037,1,79,79,0,0,0,51 64.56%
Early,3037,1,1792,1781,11,0,0,1175 65.97%
Total,3037,4,2163,2148,15,0,0,1402 65.27%
PCT 204,,,,,,,,
Polling,237,1,37,37,0,0,0,19 51.35%
Paper,237,1,0,0,0,0,0,0 -
Mail,237,1,5,5,0,0,0,2 40.00%
Early,237,1,166,166,0,0,0,104 62.65%
Total,237,4,208,208,0,0,0,125 60.10%
PCT 205,,,,,,,,
Polling,26,1,1,1,0,0,0,0 0.00%
Paper,26,1,0,0,0,0,0,0 -
Mail,26,1,0,0,0,0,0,0 -
Early,26,1,16,16,0,0,0,11 68.75%
Total,26,4,17,17,0,0,0,11 64.71%
PCT 206,,,,,,,,
Polling,1444,1,175,169,6,0,0,101 59.76%
Paper,1444,1,0,0,0,0,0,0 -
Mail,1444,1,35,32,3,0,0,17 53.13%
Early,1444,1,793,790,3,0,0,508 64.30%
Total,1444,4,1003,991,12,0,0,626 63.17%
PCT 207,,,,,,,,
Polling,3145,1,358,355,3,0,0,210 59.15%
Paper,3145,1,0,0,0,0,0,0 -
Mail,3145,1,72,72,0,0,0,40 55.56%
Early,3145,1,1733,1729,4,0,0,1053 60.90%
Total,3145,4,2163,2156,7,0,0,1303 60.44%
PCT 208,,,,,,,,
Polling,863,1,77,77,0,0,0,56 72.73%
Paper,863,1,0,0,0,0,0,0 -
Mail,863,1,32,32,0,0,0,18 56.25%
Early,863,1,539,538,1,0,0,380 70.63%
Total,863,4,648,647,1,0,0,454 70.17%
PCT 209,,,,,,,,
Polling,405,1,56,56,0,0,0,32 57.14%
Paper,405,1,0,0,0,0,0,0 -
Mail,405,1,6,6,0,0,0,5 83.33%
Early,405,1,272,272,0,0,0,171 62.87%
Total,405,4,334,334,0,0,0,208 62.28%
PCT 210,,,,,,,,
Polling,1316,1,141,140,1,0,0,66 47.14%
Paper,1316,1,0,0,0,0,0,0 -
Mail,1316,1,7,7,0,0,0,2 28.57%
Early,1316,1,828,823,5,0,0,376 45.69%
Total,1316,4,976,970,6,0,0,444,45.77%
PCT 211,,,,,,,,,
Polling,5139,1,616,613,3,0,0,297,48.45%
Paper,5139,1,0,0,0,0,0,0,-
Mail,5139,1,79,78,1,0,0,47,60.26%
Early,5139,1,2807,2792,15,0,0,1569,56.20%
Total,5139,4,3502,3483,19,0,0,1913,54.92%
PCT 212,,,,,,,,,
Polling,5466,1,572,571,1,0,0,255,44.66%
Paper,5466,1,0,0,0,0,0,0,-
Mail,5466,1,112,112,0,0,0,64,57.14%
Early,5466,1,3251,3243,8,0,0,1539,47.46%
Total,5466,4,3935,3926,9,0,0,1858,47.33%
PCT 213,,,,,,,,,
Polling,6833,1,802,798,4,0,0,426,53.38%
Paper,6833,1,0,0,0,0,0,0,-
Mail,6833,1,92,92,0,0,0,52,56.52%
Early,6833,1,3835,3818,17,0,0,1973,51.68%
Total,6833,4,4729,4708,21,0,0,2451,52.06%
PCT 214,,,,,,,,,
Polling,2740,1,261,260,1,0,0,194,74.62%
Paper,2740,1,0,0,0,0,0,0,-
Mail,2740,1,74,74,0,0,0,42,56.76%
Early,2740,1,1718,1707,11,0,0,1363,79.85%
Total,2740,4,2053,2041,12,0,0,1599,78.34%
Total,,,,,,,,,
Polling,540084,214,60519,60063,456,0,0,31038,51.68%
Paper,540084,214,0,0,0,0,0,0,-
Mail,540084,214,14824,14692,121,11,0,7741,52.69%
Early,540084,214,289805,288147,1658,0,0,161616,56.09%
Total,540084,856,365148,362902,2235,11,0,200395,55.22%
